[
  {
    "rankings": [
      {
        "number_rank": 1,
        "publication": "Obesity Reviews",
        "h5_index": 89,
        "h5_median": 123
      },
      {
        "number_rank": 2,
        "publication": "Diabetes, Obesity and Metabolism",
        "h5_index": 79,
        "h5_median": 104
      },
      {
        "number_rank": 3,
        "publication": "Obesity",
        "h5_index": 75,
        "h5_median": 124
      },
      {
        "number_rank": 4,
        "publication": "Molecular Metabolism",
        "h5_index": 71,
        "h5_median": 121
      },
      {
        "number_rank": 5,
        "publication": "International Journal of Obesity",
        "h5_index": 63,
        "h5_median": 104
      },
      {
        "number_rank": 6,
        "publication": "Obesity Surgery",
        "h5_index": 60,
        "h5_median": 78
      },
      {
        "number_rank": 7,
        "publication": "Diabetes, Metabolic Syndrome and Obesity",
        "h5_index": 58,
        "h5_median": 80
      },
      {
        "number_rank": 8,
        "publication": "Eating and Weight Disorders-Studies on Anorexia, Bulimia and Obesity",
        "h5_index": 53,
        "h5_median": 76
      },
      {
        "number_rank": 9,
        "publication": "Current Obesity Reports",
        "h5_index": 51,
        "h5_median": 84
      },
      {
        "number_rank": 10,
        "publication": "Surgery for obesity and related diseases",
        "h5_index": 46,
        "h5_median": 59
      },
      {
        "number_rank": 11,
        "publication": "Pediatric Obesity",
        "h5_index": 39,
        "h5_median": 70
      },
      {
        "number_rank": 12,
        "publication": "Obesity Facts",
        "h5_index": 37,
        "h5_median": 68
      },
      {
        "number_rank": 13,
        "publication": "Therapeutic Advances in Endocrinology and Metabolism",
        "h5_index": 35,
        "h5_median": 54
      },
      {
        "number_rank": 14,
        "publication": "Obesity Research & Clinical Practice",
        "h5_index": 33,
        "h5_median": 66
      },
      {
        "number_rank": 15,
        "publication": "Obesity Medicine",
        "h5_index": 33,
        "h5_median": 58
      },
      {
        "number_rank": 16,
        "publication": "Current Opinion in Endocrinology, Diabetes and Obesity",
        "h5_index": 32,
        "h5_median": 48
      },
      {
        "number_rank": 17,
        "publication": "Journal of Obesity & Metabolic Syndrome",
        "h5_index": 31,
        "h5_median": 61
      },
      {
        "number_rank": 18,
        "publication": "Endocrinology, Diabetes & Metabolism",
        "h5_index": 29,
        "h5_median": 40
      },
      {
        "number_rank": 19,
        "publication": "Clinical Obesity",
        "h5_index": 28,
        "h5_median": 50
      },
      {
        "number_rank": 20,
        "publication": "Obesity Science & Practice",
        "h5_index": 28,
        "h5_median": 33
      }
    ]
  }
]