[
  {
    "rankings": [
      {
        "h5_index": 96,
        "h5_median": 165,
        "number_rank": 1,
        "publication": "Ophthalmology"
      },
      {
        "h5_index": 76,
        "h5_median": 126,
        "number_rank": 2,
        "publication": "Progress in Retinal and Eye Research"
      },
      {
        "h5_index": 69,
        "h5_median": 94,
        "number_rank": 3,
        "publication": "British Journal of Ophthalmology"
      },
      {
        "h5_index": 68,
        "h5_median": 96,
        "number_rank": 4,
        "publication": "JAMA Ophthalmology"
      },
      {
        "h5_index": 66,
        "h5_median": 89,
        "number_rank": 5,
        "publication": "American Journal of Ophthalmology"
      },
      {
        "h5_index": 65,
        "h5_median": 95,
        "number_rank": 6,
        "publication": "Investigative Ophthalmology & Visual Science"
      },
      {
        "h5_index": 65,
        "h5_median": 89,
        "number_rank": 7,
        "publication": "Eye"
      },
      {
        "h5_index": 55,
        "h5_median": 93,
        "number_rank": 8,
        "publication": "Indian Journal of Ophthalmology"
      },
      {
        "h5_index": 54,
        "h5_median": 80,
        "number_rank": 9,
        "publication": "Acta Ophthalmologica"
      },
      {
        "h5_index": 53,
        "h5_median": 74,
        "number_rank": 10,
        "publication": "Graefe's Archive for Clinical and Experimental Ophthalmology"
      },
      {
        "h5_index": 52,
        "h5_median": 73,
        "number_rank": 11,
        "publication": "The Ocular Surface"
      },
      {
        "h5_index": 52,
        "h5_median": 70,
        "number_rank": 12,
        "publication": "Retina"
      },
      {
        "h5_index": 51,
        "h5_median": 69,
        "number_rank": 13,
        "publication": "Experimental Eye Research"
      },
      {
        "h5_index": 50,
        "h5_median": 69,
        "number_rank": 14,
        "publication": "Survey of Ophthalmology"
      },
      {
        "h5_index": 48,
        "h5_median": 67,
        "number_rank": 15,
        "publication": "Ophthalmology Retina"
      },
      {
        "h5_index": 47,
        "h5_median": 62,
        "number_rank": 16,
        "publication": "Journal of Cataract & Refractive Surgery"
      },
      {
        "h5_index": 46,
        "h5_median": 60,
        "number_rank": 17,
        "publication": "Clinical Ophthalmology"
      },
      {
        "h5_index": 46,
        "h5_median": 60,
        "number_rank": 18,
        "publication": "Translational Vision Science & Technology"
      },
      {
        "h5_index": 45,
        "h5_median": 66,
        "number_rank": 19,
        "publication": "Ocular Immunology and Inflammation"
      },
      {
        "h5_index": 43,
        "h5_median": 59,
        "number_rank": 20,
        "publication": "Cornea"
      }
    ]
  }
]