[
  {
    "rankings": [
      {
        "h5_index": 63,
        "h5_median": 78,
        "number_rank": 1,
        "publication": "Plastic and Reconstructive Surgery"
      },
      {
        "h5_index": 53,
        "h5_median": 68,
        "number_rank": 2,
        "publication": "Journal of Cosmetic Dermatology"
      },
      {
        "h5_index": 46,
        "h5_median": 61,
        "number_rank": 3,
        "publication": "Aesthetic Surgery Journal"
      },
      {
        "h5_index": 45,
        "h5_median": 61,
        "number_rank": 4,
        "publication": "Plastic and Reconstructive surgery. Global Open"
      },
      {
        "h5_index": 42,
        "h5_median": 51,
        "number_rank": 5,
        "publication": "Journal of Plastic, Reconstructive & Aesthetic Surgery"
      },
      {
        "h5_index": 40,
        "h5_median": 51,
        "number_rank": 6,
        "publication": "Aesthetic Plastic Surgery"
      },
      {
        "h5_index": 40,
        "h5_median": 46,
        "number_rank": 7,
        "publication": "Dermatologic Surgery"
      },
      {
        "h5_index": 36,
        "h5_median": 43,
        "number_rank": 8,
        "publication": "Journal of Craniofacial Surgery"
      },
      {
        "h5_index": 35,
        "h5_median": 46,
        "number_rank": 9,
        "publication": "Annals of Plastic Surgery"
      },
      {
        "h5_index": 32,
        "h5_median": 48,
        "number_rank": 10,
        "publication": "Clinics in Plastic Surgery"
      },
      {
        "h5_index": 29,
        "h5_median": 40,
        "number_rank": 11,
        "publication": "Journal of Reconstructive Microsurgery"
      },
      {
        "h5_index": 28,
        "h5_median": 38,
        "number_rank": 12,
        "publication": "Facial Plastic Surgery Clinics"
      },
      {
        "h5_index": 28,
        "h5_median": 33,
        "number_rank": 13,
        "publication": "The Cleft palate-craniofacial journal"
      },
      {
        "h5_index": 27,
        "h5_median": 42,
        "number_rank": 14,
        "publication": "Seminars in Plastic Surgery"
      },
      {
        "h5_index": 26,
        "h5_median": 42,
        "number_rank": 15,
        "publication": "Ophthalmic Plastic & Reconstructive Surgery"
      },
      {
        "h5_index": 26,
        "h5_median": 34,
        "number_rank": 16,
        "publication": "Microsurgery"
      },
      {
        "h5_index": 25,
        "h5_median": 37,
        "number_rank": 17,
        "publication": "JAMA Facial Plastic Surgery"
      },
      {
        "h5_index": 23,
        "h5_median": 36,
        "number_rank": 18,
        "publication": "Archives of Plastic Surgery"
      },
      {
        "h5_index": 23,
        "h5_median": 31,
        "number_rank": 19,
        "publication": "Facial Plastic Surgery"
      },
      {
        "h5_index": 21,
        "h5_median": 36,
        "number_rank": 20,
        "publication": "Facial Plastic Surgery & Aesthetic Medicine"
      }
    ]
  }
]