[
  {
    "rankings": [
      {
        "h5_index": 75,
        "h5_median": 114,
        "number_rank": 1,
        "publication": "The Lancet HIV"
      },
      {
        "h5_index": 65,
        "h5_median": 86,
        "number_rank": 2,
        "publication": "AIDS and behavior"
      },
      {
        "h5_index": 58,
        "h5_median": 74,
        "number_rank": 3,
        "publication": "Journal of the International AIDS Society"
      },
      {
        "h5_index": 50,
        "h5_median": 70,
        "number_rank": 4,
        "publication": "AIDS"
      },
      {
        "h5_index": 50,
        "h5_median": 69,
        "number_rank": 5,
        "publication": "Journal of Acquired Immune Deficiency Syndromes"
      },
      {
        "h5_index": 37,
        "h5_median": 69,
        "number_rank": 6,
        "publication": "Current HIV/AIDS Reports"
      },
      {
        "h5_index": 36,
        "h5_median": 50,
        "number_rank": 7,
        "publication": "AIDS Patient Care and STDs"
      },
      {
        "h5_index": 34,
        "h5_median": 43,
        "number_rank": 8,
        "publication": "AIDS Care"
      },
      {
        "h5_index": 32,
        "h5_median": 47,
        "number_rank": 9,
        "publication": "HIV Medicine"
      },
      {
        "h5_index": 31,
        "h5_median": 46,
        "number_rank": 10,
        "publication": "Current opinion in HIV and AIDS"
      },
      {
        "h5_index": 28,
        "h5_median": 46,
        "number_rank": 11,
        "publication": "AIDS Research and Therapy"
      },
      {
        "h5_index": 27,
        "h5_median": 38,
        "number_rank": 12,
        "publication": "Retrovirology"
      },
      {
        "h5_index": 25,
        "h5_median": 38,
        "number_rank": 13,
        "publication": "International Journal of STD & AIDS"
      },
      {
        "h5_index": 25,
        "h5_median": 32,
        "number_rank": 14,
        "publication": "AIDS Research and Human Retroviruses"
      },
      {
        "h5_index": 23,
        "h5_median": 32,
        "number_rank": 15,
        "publication": "HIV/AIDS-Research and Palliative Care"
      },
      {
        "h5_index": 22,
        "h5_median": 30,
        "number_rank": 16,
        "publication": "Journal of the Association of Nurses In AIDS Care"
      },
      {
        "h5_index": 21,
        "h5_median": 26,
        "number_rank": 17,
        "publication": "Journal of the International Association of Providers of AIDS Care (JIAPAC)"
      },
      {
        "h5_index": 20,
        "h5_median": 60,
        "number_rank": 18,
        "publication": "Journal of Virus Eradication"
      },
      {
        "h5_index": 19,
        "h5_median": 30,
        "number_rank": 19,
        "publication": "Southern African Journal of HIV Medicine"
      },
      {
        "h5_index": 17,
        "h5_median": 24,
        "number_rank": 20,
        "publication": "Antiviral Therapy"
      }
    ]
  }
]