[
  {
    "rankings": [
      {
        "h5_index": 82,
        "h5_median": 119,
        "number_rank": 1,
        "publication": "Pain"
      },
      {
        "h5_index": 66,
        "h5_median": 84,
        "number_rank": 2,
        "publication": "Cephalalgia"
      },
      {
        "h5_index": 65,
        "h5_median": 103,
        "number_rank": 3,
        "publication": "Journal of Headache and Pain"
      },
      {
        "h5_index": 61,
        "h5_median": 96,
        "number_rank": 4,
        "publication": "Journal of Pain and Symptom Management"
      },
      {
        "h5_index": 60,
        "h5_median": 74,
        "number_rank": 5,
        "publication": "Pain Medicine"
      },
      {
        "h5_index": 58,
        "h5_median": 89,
        "number_rank": 6,
        "publication": "Headache"
      },
      {
        "h5_index": 55,
        "h5_median": 74,
        "number_rank": 7,
        "publication": "Journal of Pain Research"
      },
      {
        "h5_index": 52,
        "h5_median": 72,
        "number_rank": 8,
        "publication": "European Journal of Pain"
      },
      {
        "h5_index": 51,
        "h5_median": 77,
        "number_rank": 9,
        "publication": "The journal of pain"
      },
      {
        "h5_index": 43,
        "h5_median": 62,
        "number_rank": 10,
        "publication": "Pain Physician"
      },
      {
        "h5_index": 42,
        "h5_median": 59,
        "number_rank": 11,
        "publication": "Current Pain and Headache Reports"
      },
      {
        "h5_index": 40,
        "h5_median": 65,
        "number_rank": 12,
        "publication": "PAIN Reports"
      },
      {
        "h5_index": 37,
        "h5_median": 55,
        "number_rank": 13,
        "publication": "The Clinical Journal of Pain"
      },
      {
        "h5_index": 37,
        "h5_median": 48,
        "number_rank": 14,
        "publication": "Pain research & management"
      },
      {
        "h5_index": 35,
        "h5_median": 60,
        "number_rank": 15,
        "publication": "Pain and Therapy"
      },
      {
        "h5_index": 33,
        "h5_median": 48,
        "number_rank": 16,
        "publication": "Pain Practice"
      },
      {
        "h5_index": 31,
        "h5_median": 47,
        "number_rank": 17,
        "publication": "Pain management nursing"
      },
      {
        "h5_index": 29,
        "h5_median": 39,
        "number_rank": 18,
        "publication": "Molecular Pain"
      },
      {
        "h5_index": 29,
        "h5_median": 36,
        "number_rank": 19,
        "publication": "Anesthesiology and Pain Medicine"
      },
      {
        "h5_index": 27,
        "h5_median": 34,
        "number_rank": 20,
        "publication": "Scandinavian Journal of Pain"
      }
    ]
  }
]