[
  {
    "rankings": [
      {
        "h5_index": 87,
        "h5_median": 129,
        "number_rank": 1,
        "publication": "Journal of General Internal Medicine"
      },
      {
        "h5_index": 62,
        "h5_median": 125,
        "number_rank": 2,
        "publication": "American Family Physician"
      },
      {
        "h5_index": 53,
        "h5_median": 84,
        "number_rank": 3,
        "publication": "British Journal of General Practice"
      },
      {
        "h5_index": 49,
        "h5_median": 67,
        "number_rank": 4,
        "publication": "BMC Family Practice"
      },
      {
        "h5_index": 43,
        "h5_median": 60,
        "number_rank": 5,
        "publication": "Journal of Primary Care & Community Health"
      },
      {
        "h5_index": 41,
        "h5_median": 66,
        "number_rank": 6,
        "publication": "The Annals of Family Medicine"
      },
      {
        "h5_index": 35,
        "h5_median": 53,
        "number_rank": 7,
        "publication": "Family Practice"
      },
      {
        "h5_index": 35,
        "h5_median": 48,
        "number_rank": 8,
        "publication": "The Journal of the American Board of Family Medicine"
      },
      {
        "h5_index": 32,
        "h5_median": 55,
        "number_rank": 9,
        "publication": "Primary Care: Clinics in Office Practice"
      },
      {
        "h5_index": 32,
        "h5_median": 45,
        "number_rank": 10,
        "publication": "Canadian Family Physician"
      },
      {
        "h5_index": 31,
        "h5_median": 52,
        "number_rank": 11,
        "publication": "Australian Journal of General Practice"
      },
      {
        "h5_index": 30,
        "h5_median": 43,
        "number_rank": 12,
        "publication": "African Journal of Primary Health Care & Family Medicine"
      },
      {
        "h5_index": 30,
        "h5_median": 40,
        "number_rank": 13,
        "publication": "Scandinavian Journal of Primary Health Care"
      },
      {
        "h5_index": 29,
        "h5_median": 39,
        "number_rank": 14,
        "publication": "Primary Health Care Research & Development"
      },
      {
        "h5_index": 28,
        "h5_median": 55,
        "number_rank": 15,
        "publication": "British Journal of General Practice Open"
      },
      {
        "h5_index": 28,
        "h5_median": 39,
        "number_rank": 16,
        "publication": "Family Medicine"
      },
      {
        "h5_index": 28,
        "h5_median": 39,
        "number_rank": 17,
        "publication": "Journal of the American Association of Nurse Practitioners"
      },
      {
        "h5_index": 27,
        "h5_median": 38,
        "number_rank": 18,
        "publication": "The Journal for Nurse Practitioners"
      },
      {
        "h5_index": 25,
        "h5_median": 65,
        "number_rank": 19,
        "publication": "Family Medicine and Community Health"
      },
      {
        "h5_index": 24,
        "h5_median": 42,
        "number_rank": 20,
        "publication": "European Journal of General Practice"
      }
    ]
  }
]