[
  {
    "rankings": [
      {
        "h5_index": 141,
        "h5_median": 264,
        "number_rank": 1,
        "publication": "Diabetes Care"
      },
      {
        "h5_index": 124,
        "h5_median": 228,
        "number_rank": 2,
        "publication": "The Lancet Diabetes & Endocrinology"
      },
      {
        "h5_index": 105,
        "h5_median": 190,
        "number_rank": 3,
        "publication": "Diabetes & Metabolic Syndrome: Clinical Research & Reviews"
      },
      {
        "h5_index": 96,
        "h5_median": 151,
        "number_rank": 4,
        "publication": "Diabetologia"
      },
      {
        "h5_index": 86,
        "h5_median": 120,
        "number_rank": 5,
        "publication": "Cardiovascular Diabetology"
      },
      {
        "h5_index": 80,
        "h5_median": 118,
        "number_rank": 6,
        "publication": "Diabetes Research and Clinical Practice"
      },
      {
        "h5_index": 79,
        "h5_median": 104,
        "number_rank": 7,
        "publication": "Diabetes, Obesity and Metabolism"
      },
      {
        "h5_index": 75,
        "h5_median": 102,
        "number_rank": 8,
        "publication": "Diabetes"
      },
      {
        "h5_index": 62,
        "h5_median": 101,
        "number_rank": 9,
        "publication": "Diabetes-Metabolism Research and Reviews"
      },
      {
        "h5_index": 59,
        "h5_median": 83,
        "number_rank": 10,
        "publication": "Journal of Diabetes Research"
      },
      {
        "h5_index": 58,
        "h5_median": 91,
        "number_rank": 11,
        "publication": "Diabetes Technology & Therapeutics"
      },
      {
        "h5_index": 58,
        "h5_median": 80,
        "number_rank": 12,
        "publication": "Diabetes, Metabolic Syndrome and Obesity"
      },
      {
        "h5_index": 55,
        "h5_median": 84,
        "number_rank": 13,
        "publication": "Diabetic Medicine"
      },
      {
        "h5_index": 54,
        "h5_median": 82,
        "number_rank": 14,
        "publication": "Current Diabetes Reports"
      },
      {
        "h5_index": 54,
        "h5_median": 76,
        "number_rank": 15,
        "publication": "BMJ Open Diabetes Research and Care"
      },
      {
        "h5_index": 49,
        "h5_median": 69,
        "number_rank": 16,
        "publication": "Journal of Diabetes Investigation"
      },
      {
        "h5_index": 49,
        "h5_median": 61,
        "number_rank": 17,
        "publication": "Acta Diabetologica"
      },
      {
        "h5_index": 48,
        "h5_median": 69,
        "number_rank": 18,
        "publication": "Journal of Diabetes Science and Technology"
      },
      {
        "h5_index": 47,
        "h5_median": 93,
        "number_rank": 19,
        "publication": "Diabetes & Metabolism Journal"
      },
      {
        "h5_index": 47,
        "h5_median": 68,
        "number_rank": 20,
        "publication": "Diabetes Therapy"
      }
    ]
  }
]