[
  {
    "rankings": [
      {
        "h5_index": 101,
        "h5_median": 158,
        "number_rank": 1,
        "publication": "Personality and Individual Differences"
      },
      {
        "h5_index": 83,
        "h5_median": 110,
        "number_rank": 2,
        "publication": "Journal of Personality and Social Psychology"
      },
      {
        "h5_index": 68,
        "h5_median": 94,
        "number_rank": 3,
        "publication": "Cyberpsychology, Behavior, and Social Networking"
      },
      {
        "h5_index": 65,
        "h5_median": 100,
        "number_rank": 4,
        "publication": "Social Psychological and Personality Science"
      },
      {
        "h5_index": 62,
        "h5_median": 90,
        "number_rank": 5,
        "publication": "Personality and Social Psychology Bulletin"
      },
      {
        "h5_index": 55,
        "h5_median": 86,
        "number_rank": 6,
        "publication": "Journal of Personality"
      },
      {
        "h5_index": 50,
        "h5_median": 72,
        "number_rank": 7,
        "publication": "European Journal of Social Psychology"
      },
      {
        "h5_index": 50,
        "h5_median": 64,
        "number_rank": 8,
        "publication": "Journal of Social and Personal Relationships"
      },
      {
        "h5_index": 49,
        "h5_median": 69,
        "number_rank": 9,
        "publication": "Group Processes & Intergroup Relations"
      },
      {
        "h5_index": 48,
        "h5_median": 80,
        "number_rank": 10,
        "publication": "British Journal of Social Psychology"
      },
      {
        "h5_index": 48,
        "h5_median": 71,
        "number_rank": 11,
        "publication": "Journal of Experimental Social Psychology"
      },
      {
        "h5_index": 47,
        "h5_median": 63,
        "number_rank": 12,
        "publication": "Journal of Research in Personality"
      },
      {
        "h5_index": 46,
        "h5_median": 66,
        "number_rank": 13,
        "publication": "European Journal of Personality"
      },
      {
        "h5_index": 44,
        "h5_median": 72,
        "number_rank": 14,
        "publication": "Social and Personality Psychology Compass"
      },
      {
        "h5_index": 40,
        "h5_median": 56,
        "number_rank": 15,
        "publication": "Psychology of Popular Media"
      },
      {
        "h5_index": 36,
        "h5_median": 56,
        "number_rank": 16,
        "publication": "Social Behavior and Personality: An International Journal"
      },
      {
        "h5_index": 36,
        "h5_median": 47,
        "number_rank": 17,
        "publication": "Journal of Applied Social Psychology"
      },
      {
        "h5_index": 34,
        "h5_median": 45,
        "number_rank": 18,
        "publication": "The Journal of Social Psychology"
      },
      {
        "h5_index": 30,
        "h5_median": 43,
        "number_rank": 19,
        "publication": "Self and Identity"
      },
      {
        "h5_index": 28,
        "h5_median": 55,
        "number_rank": 20,
        "publication": "Small Group Research"
      }
    ]
  }
]