[
  {
    "rankings": [
      {
        "h5_index": 61,
        "h5_median": 120,
        "number_rank": 1,
        "publication": "Otolaryngology–Head and Neck Surgery"
      },
      {
        "h5_index": 60,
        "h5_median": 92,
        "number_rank": 2,
        "publication": "JAMA Otolaryngology–Head & Neck Surgery"
      },
      {
        "h5_index": 58,
        "h5_median": 82,
        "number_rank": 3,
        "publication": "The Laryngoscope"
      },
      {
        "h5_index": 56,
        "h5_median": 85,
        "number_rank": 4,
        "publication": "Head & Neck"
      },
      {
        "h5_index": 52,
        "h5_median": 82,
        "number_rank": 5,
        "publication": "European Archives of Oto-Rhino-Laryngology"
      },
      {
        "h5_index": 47,
        "h5_median": 75,
        "number_rank": 6,
        "publication": "International Forum of Allergy & Rhinology"
      },
      {
        "h5_index": 45,
        "h5_median": 59,
        "number_rank": 7,
        "publication": "Hearing Research"
      },
      {
        "h5_index": 43,
        "h5_median": 62,
        "number_rank": 8,
        "publication": "Ear and Hearing"
      },
      {
        "h5_index": 42,
        "h5_median": 64,
        "number_rank": 9,
        "publication": "American Journal of Otolaryngology"
      },
      {
        "h5_index": 42,
        "h5_median": 57,
        "number_rank": 10,
        "publication": "Otology & Neurotology"
      },
      {
        "h5_index": 38,
        "h5_median": 46,
        "number_rank": 11,
        "publication": "International Journal of Pediatric Otorhinolaryngology"
      },
      {
        "h5_index": 35,
        "h5_median": 69,
        "number_rank": 12,
        "publication": "Rhinology"
      },
      {
        "h5_index": 33,
        "h5_median": 55,
        "number_rank": 13,
        "publication": "Laryngoscope Investigative Otolaryngology"
      },
      {
        "h5_index": 33,
        "h5_median": 44,
        "number_rank": 14,
        "publication": "Brazilian Journal of Otorhinolaryngology"
      },
      {
        "h5_index": 32,
        "h5_median": 47,
        "number_rank": 15,
        "publication": "Ear, Nose & Throat Journal"
      },
      {
        "h5_index": 32,
        "h5_median": 39,
        "number_rank": 16,
        "publication": "Auris Nasus Larynx"
      },
      {
        "h5_index": 31,
        "h5_median": 45,
        "number_rank": 17,
        "publication": "Journal of Otolaryngology-Head & Neck Surgery"
      },
      {
        "h5_index": 31,
        "h5_median": 36,
        "number_rank": 18,
        "publication": "Annals of Otology, Rhinology & Laryngology"
      },
      {
        "h5_index": 30,
        "h5_median": 44,
        "number_rank": 19,
        "publication": "The Journal of Laryngology & Otology"
      },
      {
        "h5_index": 30,
        "h5_median": 43,
        "number_rank": 20,
        "publication": "Clinical Otolaryngology"
      }
    ]
  }
]