[
  {
    "rankings": [
      {
        "number_rank": 1,
        "publication": "Nature",
        "h5_index": 488,
        "h5_median": 745
      },
      {
        "number_rank": 2,
        "publication": "IEEE/CVF Conference on Computer Vision and Pattern Recognition",
        "h5_index": 440,
        "h5_median": 689
      },
      {
        "number_rank": 3,
        "publication": "The New England Journal of Medicine",
        "h5_index": 434,
        "h5_median": 897
      },
      {
        "number_rank": 4,
        "publication": "Science",
        "h5_index": 409,
        "h5_median": 633
      },
      {
        "number_rank": 5,
        "publication": "Nature Communications",
        "h5_index": 375,
        "h5_median": 492
      },
      {
        "number_rank": 6,
        "publication": "The Lancet",
        "h5_index": 368,
        "h5_median": 678
      },
      {
        "number_rank": 7,
        "publication": "Neural Information Processing Systems",
        "h5_index": 337,
        "h5_median": 614
      },
      {
        "number_rank": 8,
        "publication": "Advanced Materials",
        "h5_index": 327,
        "h5_median": 420
      },
      {
        "number_rank": 9,
        "publication": "Cell",
        "h5_index": 320,
        "h5_median": 482
      },
      {
        "number_rank": 10,
        "publication": "International Conference on Learning Representations",
        "h5_index": 304,
        "h5_median": 584
      },
      {
        "number_rank": 11,
        "publication": "JAMA",
        "h5_index": 298,
        "h5_median": 498
      },
      {
        "number_rank": 12,
        "publication": "Science of The Total Environment",
        "h5_index": 297,
        "h5_median": 436
      },
      {
        "number_rank": 13,
        "publication": "IEEE/CVF International Conference on Computer Vision",
        "h5_index": 291,
        "h5_median": 484
      },
      {
        "number_rank": 14,
        "publication": "Angewandte Chemie International Edition",
        "h5_index": 281,
        "h5_median": 361
      },
      {
        "number_rank": 15,
        "publication": "Nature Medicine",
        "h5_index": 274,
        "h5_median": 474
      },
      {
        "number_rank": 16,
        "publication": "Journal of Cleaner Production",
        "h5_index": 272,
        "h5_median": 359
      },
      {
        "number_rank": 17,
        "publication": "International Conference on Machine Learning",
        "h5_index": 268,
        "h5_median": 424
      },
      {
        "number_rank": 18,
        "publication": "Chemical Reviews",
        "h5_index": 267,
        "h5_median": 461
      },
      {
        "number_rank": 19,
        "publication": "Proceedings of the National Academy of Sciences",
        "h5_index": 267,
        "h5_median": 405
      },
      {
        "number_rank": 20,
        "publication": "IEEE Access",
        "h5_index": 266,
        "h5_median": 364
      },
      {
        "number_rank": 21,
        "publication": "Chemical Society Reviews",
        "h5_index": 254,
        "h5_median": 398
      },
      {
        "number_rank": 22,
        "publication": "International Journal of Molecular Sciences",
        "h5_index": 244,
        "h5_median": 346
      },
      {
        "number_rank": 23,
        "publication": "Advanced Functional Materials",
        "h5_index": 244,
        "h5_median": 318
      },
      {
        "number_rank": 24,
        "publication": "Advanced Energy Materials",
        "h5_index": 234,
        "h5_median": 306
      },
      {
        "number_rank": 25,
        "publication": "Journal of the American Chemical Society",
        "h5_index": 234,
        "h5_median": 306
      },
      {
        "number_rank": 26,
        "publication": "Nucleic Acids Research",
        "h5_index": 233,
        "h5_median": 606
      },
      {
        "number_rank": 27,
        "publication": "Chemical engineering journal",
        "h5_index": 232,
        "h5_median": 287
      },
      {
        "number_rank": 28,
        "publication": "International Journal of Environmental Research and Public Health",
        "h5_index": 229,
        "h5_median": 328
      },
      {
        "number_rank": 29,
        "publication": "PLOS ONE",
        "h5_index": 225,
        "h5_median": 322
      },
      {
        "number_rank": 30,
        "publication": "BMJ",
        "h5_index": 224,
        "h5_median": 388
      },
      {
        "number_rank": 31,
        "publication": "Science Advances",
        "h5_index": 223,
        "h5_median": 318
      },
      {
        "number_rank": 32,
        "publication": "Sustainability",
        "h5_index": 223,
        "h5_median": 294
      },
      {
        "number_rank": 33,
        "publication": "ACS Nano",
        "h5_index": 221,
        "h5_median": 299
      },
      {
        "number_rank": 34,
        "publication": "Scientific Reports",
        "h5_index": 221,
        "h5_median": 291
      },
      {
        "number_rank": 35,
        "publication": "AAAI Conference on Artificial Intelligence",
        "h5_index": 220,
        "h5_median": 341
      },
      {
        "number_rank": 36,
        "publication": "Meeting of the Association for Computational Linguistics (ACL)",
        "h5_index": 215,
        "h5_median": 362
      },
      {
        "number_rank": 37,
        "publication": "Frontiers in Immunology",
        "h5_index": 213,
        "h5_median": 306
      },
      {
        "number_rank": 38,
        "publication": "Journal of Clinical Oncology",
        "h5_index": 212,
        "h5_median": 308
      },
      {
        "number_rank": 39,
        "publication": "Energy & Environmental Science",
        "h5_index": 211,
        "h5_median": 307
      },
      {
        "number_rank": 40,
        "publication": "Physical Review Letters",
        "h5_index": 210,
        "h5_median": 282
      },
      {
        "number_rank": 41,
        "publication": "Applied Catalysis B: Environmental",
        "h5_index": 210,
        "h5_median": 271
      },
      {
        "number_rank": 42,
        "publication": "Circulation",
        "h5_index": 209,
        "h5_median": 335
      },
      {
        "number_rank": 43,
        "publication": "Journal of Business Research",
        "h5_index": 209,
        "h5_median": 330
      },
      {
        "number_rank": 44,
        "publication": "Nutrients",
        "h5_index": 207,
        "h5_median": 302
      },
      {
        "number_rank": 45,
        "publication": "Renewable and Sustainable Energy Reviews",
        "h5_index": 207,
        "h5_median": 283
      },
      {
        "number_rank": 46,
        "publication": "European Conference on Computer Vision",
        "h5_index": 206,
        "h5_median": 306
      },
      {
        "number_rank": 47,
        "publication": "The Lancet Oncology",
        "h5_index": 202,
        "h5_median": 347
      },
      {
        "number_rank": 48,
        "publication": "Journal of Hazardous Materials",
        "h5_index": 197,
        "h5_median": 258
      },
      {
        "number_rank": 49,
        "publication": "IEEE Transactions on Pattern Analysis and Machine Intelligence",
        "h5_index": 196,
        "h5_median": 348
      },
      {
        "number_rank": 50,
        "publication": "Morbidity and Mortality Weekly Report",
        "h5_index": 193,
        "h5_median": 326
      },
      {
        "number_rank": 51,
        "publication": "Conference on Empirical Methods in Natural Language Processing (EMNLP)",
        "h5_index": 193,
        "h5_median": 310
      },
      {
        "number_rank": 52,
        "publication": "Nature Biotechnology",
        "h5_index": 191,
        "h5_median": 323
      },
      {
        "number_rank": 53,
        "publication": "Journal of the American College of Cardiology",
        "h5_index": 191,
        "h5_median": 293
      },
      {
        "number_rank": 54,
        "publication": "Sensors",
        "h5_index": 191,
        "h5_median": 250
      },
      {
        "number_rank": 55,
        "publication": "Nature Materials",
        "h5_index": 190,
        "h5_median": 312
      },
      {
        "number_rank": 56,
        "publication": "Applied Energy",
        "h5_index": 189,
        "h5_median": 258
      },
      {
        "number_rank": 57,
        "publication": "Nano Energy",
        "h5_index": 187,
        "h5_median": 247
      },
      {
        "number_rank": 58,
        "publication": "Nature Genetics",
        "h5_index": 186,
        "h5_median": 294
      },
      {
        "number_rank": 59,
        "publication": "Joule",
        "h5_index": 186,
        "h5_median": 274
      },
      {
        "number_rank": 60,
        "publication": "Technological Forecasting and Social Change",
        "h5_index": 186,
        "h5_median": 267
      },
      {
        "number_rank": 61,
        "publication": "IEEE Internet of Things Journal",
        "h5_index": 186,
        "h5_median": 261
      },
      {
        "number_rank": 62,
        "publication": "Frontiers in Psychology",
        "h5_index": 185,
        "h5_median": 271
      },
      {
        "number_rank": 63,
        "publication": "Molecules",
        "h5_index": 184,
        "h5_median": 254
      },
      {
        "number_rank": 64,
        "publication": "Journal of Materials Chemistry A",
        "h5_index": 184,
        "h5_median": 228
      },
      {
        "number_rank": 65,
        "publication": "Environmental Science & Technology",
        "h5_index": 178,
        "h5_median": 245
      },
      {
        "number_rank": 66,
        "publication": "Chemosphere",
        "h5_index": 178,
        "h5_median": 234
      },
      {
        "number_rank": 67,
        "publication": "The Lancet Infectious Diseases",
        "h5_index": 177,
        "h5_median": 334
      },
      {
        "number_rank": 68,
        "publication": "JAMA Network Open",
        "h5_index": 177,
        "h5_median": 267
      },
      {
        "number_rank": 69,
        "publication": "ACS Applied Materials & Interfaces",
        "h5_index": 177,
        "h5_median": 225
      },
      {
        "number_rank": 70,
        "publication": "Clinical Infectious Diseases",
        "h5_index": 176,
        "h5_median": 319
      },
      {
        "number_rank": 71,
        "publication": "Nature Energy",
        "h5_index": 174,
        "h5_median": 357
      },
      {
        "number_rank": 72,
        "publication": "Gastroenterology",
        "h5_index": 174,
        "h5_median": 279
      },
      {
        "number_rank": 73,
        "publication": "ACS Catalysis",
        "h5_index": 172,
        "h5_median": 242
      },
      {
        "number_rank": 74,
        "publication": "Advanced Science",
        "h5_index": 172,
        "h5_median": 233
      },
      {
        "number_rank": 75,
        "publication": "Nature Nanotechnology",
        "h5_index": 171,
        "h5_median": 294
      },
      {
        "number_rank": 76,
        "publication": "Annals of Oncology",
        "h5_index": 171,
        "h5_median": 278
      },
      {
        "number_rank": 77,
        "publication": "Gut",
        "h5_index": 171,
        "h5_median": 263
      },
      {
        "number_rank": 78,
        "publication": "Journal of Environmental Management",
        "h5_index": 171,
        "h5_median": 233
      },
      {
        "number_rank": 79,
        "publication": "Molecular Cancer",
        "h5_index": 170,
        "h5_median": 278
      },
      {
        "number_rank": 80,
        "publication": "European Heart Journal",
        "h5_index": 169,
        "h5_median": 299
      },
      {
        "number_rank": 81,
        "publication": "Physical Review D",
        "h5_index": 169,
        "h5_median": 216
      },
      {
        "number_rank": 82,
        "publication": "Nature Methods",
        "h5_index": 167,
        "h5_median": 308
      },
      {
        "number_rank": 83,
        "publication": "Environmental Pollution",
        "h5_index": 167,
        "h5_median": 241
      },
      {
        "number_rank": 84,
        "publication": "The Astrophysical Journal",
        "h5_index": 167,
        "h5_median": 239
      },
      {
        "number_rank": 85,
        "publication": "IEEE Transactions on Industrial Informatics",
        "h5_index": 167,
        "h5_median": 224
      },
      {
        "number_rank": 86,
        "publication": "ACS Energy Letters",
        "h5_index": 167,
        "h5_median": 220
      },
      {
        "number_rank": 87,
        "publication": "Immunity",
        "h5_index": 166,
        "h5_median": 283
      },
      {
        "number_rank": 88,
        "publication": "International Journal of Information Management",
        "h5_index": 165,
        "h5_median": 298
      },
      {
        "number_rank": 89,
        "publication": "Cells",
        "h5_index": 165,
        "h5_median": 233
      },
      {
        "number_rank": 90,
        "publication": "Expert Systems with Applications",
        "h5_index": 165,
        "h5_median": 228
      },
      {
        "number_rank": 91,
        "publication": "Water Research",
        "h5_index": 165,
        "h5_median": 227
      },
      {
        "number_rank": 92,
        "publication": "Applied Sciences",
        "h5_index": 165,
        "h5_median": 216
      },
      {
        "number_rank": 93,
        "publication": "Energy",
        "h5_index": 165,
        "h5_median": 215
      },
      {
        "number_rank": 94,
        "publication": "Small",
        "h5_index": 164,
        "h5_median": 232
      },
      {
        "number_rank": 95,
        "publication": "Environmental Science and Pollution Research",
        "h5_index": 164,
        "h5_median": 220
      },
      {
        "number_rank": 96,
        "publication": "Renewable Energy",
        "h5_index": 164,
        "h5_median": 212
      },
      {
        "number_rank": 97,
        "publication": "Bioresource Technology",
        "h5_index": 162,
        "h5_median": 217
      },
      {
        "number_rank": 98,
        "publication": "Nature Reviews Immunology",
        "h5_index": 161,
        "h5_median": 320
      },
      {
        "number_rank": 99,
        "publication": "Energy Storage Materials",
        "h5_index": 161,
        "h5_median": 225
      },
      {
        "number_rank": 100,
        "publication": "Coordination Chemistry Reviews",
        "h5_index": 161,
        "h5_median": 222
      }
    ]
  }
]