[
  {
    "rankings": [
      {
        "h5_index": 121,
        "h5_median": 185,
        "number_rank": 1,
        "publication": "European Urology"
      },
      {
        "h5_index": 103,
        "h5_median": 181,
        "number_rank": 2,
        "publication": "Nature Reviews Nephrology"
      },
      {
        "h5_index": 103,
        "h5_median": 174,
        "number_rank": 3,
        "publication": "Kidney International"
      },
      {
        "h5_index": 100,
        "h5_median": 146,
        "number_rank": 4,
        "publication": "Journal of the American Society of Nephrology"
      },
      {
        "h5_index": 81,
        "h5_median": 132,
        "number_rank": 5,
        "publication": "American Journal of Kidney Diseases"
      },
      {
        "h5_index": 79,
        "h5_median": 116,
        "number_rank": 6,
        "publication": "The Journal of Urology"
      },
      {
        "h5_index": 77,
        "h5_median": 111,
        "number_rank": 7,
        "publication": "Clinical Journal of the American Society of Nephrology"
      },
      {
        "h5_index": 76,
        "h5_median": 100,
        "number_rank": 8,
        "publication": "Nephrology Dialysis Transplantation"
      },
      {
        "h5_index": 64,
        "h5_median": 87,
        "number_rank": 9,
        "publication": "BJU International"
      },
      {
        "h5_index": 63,
        "h5_median": 88,
        "number_rank": 10,
        "publication": "Kidney International Reports"
      },
      {
        "h5_index": 61,
        "h5_median": 102,
        "number_rank": 11,
        "publication": "Nature Reviews Urology"
      },
      {
        "h5_index": 58,
        "h5_median": 77,
        "number_rank": 12,
        "publication": "European Urology Oncology"
      },
      {
        "h5_index": 57,
        "h5_median": 81,
        "number_rank": 13,
        "publication": "European Urology Focus"
      },
      {
        "h5_index": 55,
        "h5_median": 70,
        "number_rank": 14,
        "publication": "World Journal of Urology"
      },
      {
        "h5_index": 54,
        "h5_median": 68,
        "number_rank": 15,
        "publication": "BMC Nephrology"
      },
      {
        "h5_index": 53,
        "h5_median": 72,
        "number_rank": 16,
        "publication": "Pediatric Nephrology"
      },
      {
        "h5_index": 51,
        "h5_median": 71,
        "number_rank": 17,
        "publication": "Journal of Nephrology"
      },
      {
        "h5_index": 49,
        "h5_median": 58,
        "number_rank": 18,
        "publication": "Urology"
      },
      {
        "h5_index": 48,
        "h5_median": 77,
        "number_rank": 19,
        "publication": "Clinical Kidney Journal"
      },
      {
        "h5_index": 48,
        "h5_median": 61,
        "number_rank": 20,
        "publication": "American Journal of Physiology-Renal Physiology"
      }
    ]
  }
]