[
  {
    "rankings": [
      {
        "h5_index": 97,
        "h5_median": 131,
        "number_rank": 1,
        "publication": "Animals"
      },
      {
        "h5_index": 83,
        "h5_median": 109,
        "number_rank": 2,
        "publication": "Frontiers in Veterinary Science"
      },
      {
        "h5_index": 64,
        "h5_median": 82,
        "number_rank": 3,
        "publication": "Transboundary and Emerging Diseases"
      },
      {
        "h5_index": 50,
        "h5_median": 69,
        "number_rank": 4,
        "publication": "BMC Veterinary Research"
      },
      {
        "h5_index": 50,
        "h5_median": 62,
        "number_rank": 5,
        "publication": "Theriogenology"
      },
      {
        "h5_index": 48,
        "h5_median": 67,
        "number_rank": 6,
        "publication": "Journal of Veterinary Internal Medicine"
      },
      {
        "h5_index": 47,
        "h5_median": 65,
        "number_rank": 7,
        "publication": "Animal Nutrition"
      },
      {
        "h5_index": 44,
        "h5_median": 55,
        "number_rank": 8,
        "publication": "Veterinary Microbiology"
      },
      {
        "h5_index": 44,
        "h5_median": 55,
        "number_rank": 9,
        "publication": "Veterinary World"
      },
      {
        "h5_index": 44,
        "h5_median": 54,
        "number_rank": 10,
        "publication": "Ticks and Tick-borne Diseases"
      },
      {
        "h5_index": 42,
        "h5_median": 68,
        "number_rank": 11,
        "publication": "Research in Veterinary Science"
      },
      {
        "h5_index": 42,
        "h5_median": 56,
        "number_rank": 12,
        "publication": "Preventive Veterinary Medicine"
      },
      {
        "h5_index": 42,
        "h5_median": 51,
        "number_rank": 13,
        "publication": "Tropical Animal Health and Production"
      },
      {
        "h5_index": 39,
        "h5_median": 77,
        "number_rank": 14,
        "publication": "Annual Review of Animal Biosciences"
      },
      {
        "h5_index": 39,
        "h5_median": 58,
        "number_rank": 15,
        "publication": "Asian-Australasian Journal of Animal Sciences"
      },
      {
        "h5_index": 38,
        "h5_median": 60,
        "number_rank": 16,
        "publication": "Veterinary Clinics: Small Animal Practice"
      },
      {
        "h5_index": 38,
        "h5_median": 50,
        "number_rank": 17,
        "publication": "Veterinary Research"
      },
      {
        "h5_index": 38,
        "h5_median": 50,
        "number_rank": 18,
        "publication": "Veterinary Sciences"
      },
      {
        "h5_index": 37,
        "h5_median": 50,
        "number_rank": 19,
        "publication": "Applied Animal Behaviour Science"
      },
      {
        "h5_index": 37,
        "h5_median": 47,
        "number_rank": 20,
        "publication": "Veterinary Parasitology"
      }
    ]
  }
]