[
  {
    "rankings": [
      {
        "h5_index": 78,
        "h5_median": 114,
        "number_rank": 1,
        "publication": "Fertility and Sterility"
      },
      {
        "h5_index": 76,
        "h5_median": 99,
        "number_rank": 2,
        "publication": "Human Reproduction"
      },
      {
        "h5_index": 70,
        "h5_median": 113,
        "number_rank": 3,
        "publication": "Human Reproduction Update"
      },
      {
        "h5_index": 61,
        "h5_median": 76,
        "number_rank": 4,
        "publication": "Reproductive Health"
      },
      {
        "h5_index": 53,
        "h5_median": 73,
        "number_rank": 5,
        "publication": "Journal of Assisted Reproduction and Genetics"
      },
      {
        "h5_index": 53,
        "h5_median": 72,
        "number_rank": 6,
        "publication": "Reproductive BioMedicine Online"
      },
      {
        "h5_index": 52,
        "h5_median": 78,
        "number_rank": 7,
        "publication": "Journal of Sexual Medicine"
      },
      {
        "h5_index": 49,
        "h5_median": 77,
        "number_rank": 8,
        "publication": "Andrology"
      },
      {
        "h5_index": 47,
        "h5_median": 68,
        "number_rank": 9,
        "publication": "Biology of Reproduction"
      },
      {
        "h5_index": 47,
        "h5_median": 61,
        "number_rank": 10,
        "publication": "Reproductive Biology and Endocrinology"
      },
      {
        "h5_index": 45,
        "h5_median": 76,
        "number_rank": 11,
        "publication": "Andrologia"
      },
      {
        "h5_index": 44,
        "h5_median": 67,
        "number_rank": 12,
        "publication": "Reproduction"
      },
      {
        "h5_index": 42,
        "h5_median": 87,
        "number_rank": 13,
        "publication": "Human Reproduction Open"
      },
      {
        "h5_index": 42,
        "h5_median": 65,
        "number_rank": 14,
        "publication": "Sexual Medicine Reviews"
      },
      {
        "h5_index": 39,
        "h5_median": 73,
        "number_rank": 15,
        "publication": "The World Journal of Men's Health"
      },
      {
        "h5_index": 39,
        "h5_median": 53,
        "number_rank": 16,
        "publication": "American Journal of Reproductive Immunology"
      },
      {
        "h5_index": 36,
        "h5_median": 54,
        "number_rank": 17,
        "publication": "Contraception"
      },
      {
        "h5_index": 35,
        "h5_median": 47,
        "number_rank": 18,
        "publication": "Journal of Reproductive Immunology"
      },
      {
        "h5_index": 33,
        "h5_median": 44,
        "number_rank": 19,
        "publication": "Sexual Medicine"
      },
      {
        "h5_index": 32,
        "h5_median": 51,
        "number_rank": 20,
        "publication": "Reproductive Medicine and Biology"
      }
    ]
  }
]