[
  {
    "rankings": [
      {
        "h5_index": 67,
        "h5_median": 88,
        "number_rank": 1,
        "publication": "Evidence‐Based Complementary and Alternative Medicine"
      },
      {
        "h5_index": 57,
        "h5_median": 74,
        "number_rank": 2,
        "publication": "Complementary Therapies in Medicine"
      },
      {
        "h5_index": 56,
        "h5_median": 79,
        "number_rank": 3,
        "publication": "BMC Complementary Medicine and Therapies"
      },
      {
        "h5_index": 53,
        "h5_median": 81,
        "number_rank": 4,
        "publication": "BMC Complementary and Alternative Medicine"
      },
      {
        "h5_index": 46,
        "h5_median": 64,
        "number_rank": 5,
        "publication": "Complementary Therapies in Clinical Practice"
      },
      {
        "h5_index": 41,
        "h5_median": 59,
        "number_rank": 6,
        "publication": "The American Journal of Chinese Medicine"
      },
      {
        "h5_index": 41,
        "h5_median": 57,
        "number_rank": 7,
        "publication": "Journal of Ethnobiology and Ethnomedicine"
      },
      {
        "h5_index": 40,
        "h5_median": 57,
        "number_rank": 8,
        "publication": "The Journal of Alternative and Complementary Medicine"
      },
      {
        "h5_index": 40,
        "h5_median": 54,
        "number_rank": 9,
        "publication": "Chinese Medicine"
      },
      {
        "h5_index": 39,
        "h5_median": 65,
        "number_rank": 10,
        "publication": "Journal of Traditional and Complementary Medicine"
      },
      {
        "h5_index": 38,
        "h5_median": 69,
        "number_rank": 11,
        "publication": "Medicines"
      },
      {
        "h5_index": 36,
        "h5_median": 47,
        "number_rank": 12,
        "publication": "Chinese Journal of Natural Medicines"
      },
      {
        "h5_index": 35,
        "h5_median": 49,
        "number_rank": 13,
        "publication": "European Journal of Integrative Medicine"
      },
      {
        "h5_index": 34,
        "h5_median": 50,
        "number_rank": 14,
        "publication": "Journal of Ayurveda and Integrative Medicine"
      },
      {
        "h5_index": 33,
        "h5_median": 42,
        "number_rank": 15,
        "publication": "Scandinavian Journal of Occupational Therapy"
      },
      {
        "h5_index": 32,
        "h5_median": 51,
        "number_rank": 16,
        "publication": "Journal of Integrative Medicine"
      },
      {
        "h5_index": 32,
        "h5_median": 48,
        "number_rank": 17,
        "publication": "The American Journal of Occupational Therapy"
      },
      {
        "h5_index": 30,
        "h5_median": 42,
        "number_rank": 18,
        "publication": "Integrative Medicine Research"
      },
      {
        "h5_index": 30,
        "h5_median": 40,
        "number_rank": 19,
        "publication": "Chinese Journal of Integrative Medicine"
      },
      {
        "h5_index": 28,
        "h5_median": 37,
        "number_rank": 20,
        "publication": "Pharmacognosy Journal"
      }
    ]
  }
]