[
  {
    "rankings": [
      {
        "h5_index": 108,
        "h5_median": 154,
        "number_rank": 1,
        "publication": "American Journal of Transplantation"
      },
      {
        "h5_index": 67,
        "h5_median": 92,
        "number_rank": 2,
        "publication": "Transplantation"
      },
      {
        "h5_index": 62,
        "h5_median": 102,
        "number_rank": 3,
        "publication": "The Journal of Heart and Lung Transplantation"
      },
      {
        "h5_index": 56,
        "h5_median": 76,
        "number_rank": 4,
        "publication": "Biology of Blood and Marrow Transplantation"
      },
      {
        "h5_index": 52,
        "h5_median": 93,
        "number_rank": 5,
        "publication": "Bone Marrow Transplantation"
      },
      {
        "h5_index": 47,
        "h5_median": 64,
        "number_rank": 6,
        "publication": "Liver Transplantation"
      },
      {
        "h5_index": 45,
        "h5_median": 75,
        "number_rank": 7,
        "publication": "Clinical Transplantation"
      },
      {
        "h5_index": 41,
        "h5_median": 61,
        "number_rank": 8,
        "publication": "Transplant International"
      },
      {
        "h5_index": 39,
        "h5_median": 65,
        "number_rank": 9,
        "publication": "Cell Transplantation"
      },
      {
        "h5_index": 35,
        "h5_median": 49,
        "number_rank": 10,
        "publication": "Transplant Infectious Disease"
      },
      {
        "h5_index": 32,
        "h5_median": 48,
        "number_rank": 11,
        "publication": "Transplantation and Cellular Therapy"
      },
      {
        "h5_index": 32,
        "h5_median": 42,
        "number_rank": 12,
        "publication": "Xenotransplantation"
      },
      {
        "h5_index": 28,
        "h5_median": 36,
        "number_rank": 13,
        "publication": "Transplantation Direct"
      },
      {
        "h5_index": 28,
        "h5_median": 34,
        "number_rank": 14,
        "publication": "Transplantation Proceedings"
      },
      {
        "h5_index": 27,
        "h5_median": 34,
        "number_rank": 15,
        "publication": "Current Opinion in Organ Transplantation"
      },
      {
        "h5_index": 25,
        "h5_median": 35,
        "number_rank": 16,
        "publication": "Transplantation Reviews"
      },
      {
        "h5_index": 24,
        "h5_median": 33,
        "number_rank": 17,
        "publication": "Pediatric Transplantation"
      },
      {
        "h5_index": 21,
        "h5_median": 27,
        "number_rank": 18,
        "publication": "Experimental and clinical transplantation"
      },
      {
        "h5_index": 19,
        "h5_median": 27,
        "number_rank": 19,
        "publication": "World Journal of Transplantation"
      },
      {
        "h5_index": 18,
        "h5_median": 44,
        "number_rank": 20,
        "publication": "TCT| Transplantation & Cellular Therapy Meetings of ASTCT and CIBMTR"
      }
    ]
  }
]