[
  {
    "rankings": [
      {
        "h5_index": 125,
        "h5_median": 175,
        "number_rank": 1,
        "publication": "Annals of Surgery"
      },
      {
        "h5_index": 95,
        "h5_median": 142,
        "number_rank": 2,
        "publication": "JAMA Surgery"
      },
      {
        "h5_index": 73,
        "h5_median": 104,
        "number_rank": 3,
        "publication": "Journal of Vascular Surgery"
      },
      {
        "h5_index": 71,
        "h5_median": 101,
        "number_rank": 4,
        "publication": "British Journal of Surgery"
      },
      {
        "h5_index": 70,
        "h5_median": 96,
        "number_rank": 5,
        "publication": "Surgical Endoscopy"
      },
      {
        "h5_index": 69,
        "h5_median": 81,
        "number_rank": 6,
        "publication": "Annals of Surgical Oncology"
      },
      {
        "h5_index": 60,
        "h5_median": 95,
        "number_rank": 7,
        "publication": "International Journal of Surgery (London, England)"
      },
      {
        "h5_index": 60,
        "h5_median": 78,
        "number_rank": 8,
        "publication": "Obesity Surgery"
      },
      {
        "h5_index": 59,
        "h5_median": 75,
        "number_rank": 9,
        "publication": "Surgery"
      },
      {
        "h5_index": 55,
        "h5_median": 79,
        "number_rank": 10,
        "publication": "Journal of the American College of Surgeons"
      },
      {
        "h5_index": 54,
        "h5_median": 69,
        "number_rank": 11,
        "publication": "European Journal of Surgical Oncology"
      },
      {
        "h5_index": 53,
        "h5_median": 73,
        "number_rank": 12,
        "publication": "Journal of Trauma and Acute Care Surgery"
      },
      {
        "h5_index": 52,
        "h5_median": 76,
        "number_rank": 13,
        "publication": "Annals of Medicine and Surgery"
      },
      {
        "h5_index": 52,
        "h5_median": 64,
        "number_rank": 14,
        "publication": "Journal of Gastrointestinal Surgery"
      },
      {
        "h5_index": 50,
        "h5_median": 90,
        "number_rank": 15,
        "publication": "World Journal of Emergency Surgery"
      },
      {
        "h5_index": 50,
        "h5_median": 77,
        "number_rank": 16,
        "publication": "Journal of Surgical Education"
      },
      {
        "h5_index": 50,
        "h5_median": 69,
        "number_rank": 17,
        "publication": "Digestive Endoscopy"
      },
      {
        "h5_index": 50,
        "h5_median": 65,
        "number_rank": 18,
        "publication": "Journal of Surgical Research"
      },
      {
        "h5_index": 49,
        "h5_median": 70,
        "number_rank": 19,
        "publication": "The American Journal of Surgery"
      },
      {
        "h5_index": 49,
        "h5_median": 59,
        "number_rank": 20,
        "publication": "European journal of vascular and endovascular surgery"
      }
    ]
  }
]