[
  {
    "rankings": [
      {
        "h5_index": 130,
        "h5_median": 214,
        "number_rank": 1,
        "publication": "Annals of the Rheumatic Diseases"
      },
      {
        "h5_index": 100,
        "h5_median": 169,
        "number_rank": 2,
        "publication": "Arthritis & Rheumatology"
      },
      {
        "h5_index": 96,
        "h5_median": 165,
        "number_rank": 3,
        "publication": "Nature Reviews Rheumatology"
      },
      {
        "h5_index": 82,
        "h5_median": 115,
        "number_rank": 4,
        "publication": "Rheumatology"
      },
      {
        "h5_index": 81,
        "h5_median": 126,
        "number_rank": 5,
        "publication": "Autoimmunity Reviews"
      },
      {
        "h5_index": 70,
        "h5_median": 128,
        "number_rank": 6,
        "publication": "The Lancet Rheumatology"
      },
      {
        "h5_index": 63,
        "h5_median": 94,
        "number_rank": 7,
        "publication": "Osteoarthritis and Cartilage"
      },
      {
        "h5_index": 60,
        "h5_median": 78,
        "number_rank": 8,
        "publication": "Arthritis Research & Therapy"
      },
      {
        "h5_index": 58,
        "h5_median": 86,
        "number_rank": 9,
        "publication": "Seminars in Arthritis and Rheumatism"
      },
      {
        "h5_index": 58,
        "h5_median": 73,
        "number_rank": 10,
        "publication": "Clinical Rheumatology"
      },
      {
        "h5_index": 56,
        "h5_median": 76,
        "number_rank": 11,
        "publication": "RMD Open"
      },
      {
        "h5_index": 55,
        "h5_median": 83,
        "number_rank": 12,
        "publication": "Arthritis Care & Research"
      },
      {
        "h5_index": 53,
        "h5_median": 69,
        "number_rank": 13,
        "publication": "Clinical and Experimental Rheumatology"
      },
      {
        "h5_index": 52,
        "h5_median": 81,
        "number_rank": 14,
        "publication": "Rheumatology International"
      },
      {
        "h5_index": 50,
        "h5_median": 66,
        "number_rank": 15,
        "publication": "The Journal of Rheumatology"
      },
      {
        "h5_index": 43,
        "h5_median": 62,
        "number_rank": 16,
        "publication": "Current Opinion in Rheumatology"
      },
      {
        "h5_index": 41,
        "h5_median": 60,
        "number_rank": 17,
        "publication": "Joint Bone Spine"
      },
      {
        "h5_index": 40,
        "h5_median": 73,
        "number_rank": 18,
        "publication": "Best Practice & Research Clinical Rheumatology"
      },
      {
        "h5_index": 40,
        "h5_median": 64,
        "number_rank": 19,
        "publication": "Current Rheumatology Reports"
      },
      {
        "h5_index": 38,
        "h5_median": 48,
        "number_rank": 20,
        "publication": "Modern Rheumatology"
      }
    ]
  }
]