[
  {
    "rankings": [
      {
        "h5_index": 48,
        "h5_median": 65,
        "number_rank": 1,
        "publication": "Journal of Speech, Language, and Hearing Research"
      },
      {
        "h5_index": 45,
        "h5_median": 59,
        "number_rank": 2,
        "publication": "Journal of Voice"
      },
      {
        "h5_index": 45,
        "h5_median": 56,
        "number_rank": 3,
        "publication": "American Journal of Speech-Language Pathology"
      },
      {
        "h5_index": 43,
        "h5_median": 62,
        "number_rank": 4,
        "publication": "Ear and Hearing"
      },
      {
        "h5_index": 36,
        "h5_median": 54,
        "number_rank": 5,
        "publication": "International Journal of Audiology"
      },
      {
        "h5_index": 34,
        "h5_median": 49,
        "number_rank": 6,
        "publication": "International Journal of Language & Communication Disorders"
      },
      {
        "h5_index": 32,
        "h5_median": 44,
        "number_rank": 7,
        "publication": "Language, Speech, and Hearing Services in Schools"
      },
      {
        "h5_index": 31,
        "h5_median": 40,
        "number_rank": 8,
        "publication": "Aphasiology"
      },
      {
        "h5_index": 30,
        "h5_median": 44,
        "number_rank": 9,
        "publication": "Trends in Hearing"
      },
      {
        "h5_index": 28,
        "h5_median": 32,
        "number_rank": 10,
        "publication": "Journal of Communication Disorders"
      },
      {
        "h5_index": 26,
        "h5_median": 40,
        "number_rank": 11,
        "publication": "International Journal of Speech-Language Pathology"
      },
      {
        "h5_index": 26,
        "h5_median": 39,
        "number_rank": 12,
        "publication": "Journal of Neurolinguistics"
      },
      {
        "h5_index": 26,
        "h5_median": 33,
        "number_rank": 13,
        "publication": "Perspectives of the ASHA Special Interest Groups"
      },
      {
        "h5_index": 23,
        "h5_median": 32,
        "number_rank": 14,
        "publication": "American Journal of Audiology"
      },
      {
        "h5_index": 23,
        "h5_median": 30,
        "number_rank": 15,
        "publication": "Clinical Linguistics & Phonetics"
      },
      {
        "h5_index": 21,
        "h5_median": 31,
        "number_rank": 16,
        "publication": "Journal of Fluency Disorders"
      },
      {
        "h5_index": 21,
        "h5_median": 26,
        "number_rank": 17,
        "publication": "Journal of the American Academy of Audiology"
      },
      {
        "h5_index": 20,
        "h5_median": 32,
        "number_rank": 18,
        "publication": "Seminars in Hearing"
      },
      {
        "h5_index": 20,
        "h5_median": 28,
        "number_rank": 19,
        "publication": "Autism & Developmental Language Impairments"
      },
      {
        "h5_index": 19,
        "h5_median": 27,
        "number_rank": 20,
        "publication": "Revista CoDAS"
      }
    ]
  }
]