[
  {
    "rankings": [
      {
        "h5_index": 109,
        "h5_median": 153,
        "number_rank": 1,
        "publication": "Journal of Cellular Physiology"
      },
      {
        "h5_index": 92,
        "h5_median": 212,
        "number_rank": 2,
        "publication": "Physiological Reviews"
      },
      {
        "h5_index": 70,
        "h5_median": 101,
        "number_rank": 3,
        "publication": "The Journal of Physiology"
      },
      {
        "h5_index": 59,
        "h5_median": 86,
        "number_rank": 4,
        "publication": "American Journal of Physiology-Heart and Circulatory Physiology"
      },
      {
        "h5_index": 58,
        "h5_median": 77,
        "number_rank": 5,
        "publication": "Journal of Applied Physiology"
      },
      {
        "h5_index": 56,
        "h5_median": 88,
        "number_rank": 6,
        "publication": "American Journal of Physiology-Cell Physiology"
      },
      {
        "h5_index": 55,
        "h5_median": 78,
        "number_rank": 7,
        "publication": "American Journal of Physiology-Lung Cellular and Molecular Physiology"
      },
      {
        "h5_index": 54,
        "h5_median": 107,
        "number_rank": 8,
        "publication": "Annual Review of Physiology"
      },
      {
        "h5_index": 54,
        "h5_median": 82,
        "number_rank": 9,
        "publication": "American Journal of Physiology-Endocrinology and Metabolism"
      },
      {
        "h5_index": 50,
        "h5_median": 70,
        "number_rank": 10,
        "publication": "Journal of Neurophysiology"
      },
      {
        "h5_index": 49,
        "h5_median": 74,
        "number_rank": 11,
        "publication": "European Journal of Applied Physiology"
      },
      {
        "h5_index": 49,
        "h5_median": 64,
        "number_rank": 12,
        "publication": "American Journal of Physiology-Gastrointestinal and Liver Physiology"
      },
      {
        "h5_index": 48,
        "h5_median": 73,
        "number_rank": 13,
        "publication": "Acta Physiologica"
      },
      {
        "h5_index": 48,
        "h5_median": 61,
        "number_rank": 14,
        "publication": "American Journal of Physiology-Renal Physiology"
      },
      {
        "h5_index": 46,
        "h5_median": 80,
        "number_rank": 15,
        "publication": "Pflügers Archiv-European Journal of Physiology"
      },
      {
        "h5_index": 44,
        "h5_median": 62,
        "number_rank": 16,
        "publication": "Physiological Reports"
      },
      {
        "h5_index": 43,
        "h5_median": 81,
        "number_rank": 17,
        "publication": "Physiology"
      },
      {
        "h5_index": 39,
        "h5_median": 54,
        "number_rank": 18,
        "publication": "Experimental Physiology"
      },
      {
        "h5_index": 36,
        "h5_median": 57,
        "number_rank": 19,
        "publication": "Comprehensive Physiology"
      },
      {
        "h5_index": 36,
        "h5_median": 45,
        "number_rank": 20,
        "publication": "Cellular Physiology and Biochemistry"
      }
    ]
  }
]