[
  {
    "rankings": [
      {
        "h5_index": 78,
        "h5_median": 102,
        "number_rank": 1,
        "publication": "The American Journal of Sports Medicine"
      },
      {
        "h5_index": 74,
        "h5_median": 106,
        "number_rank": 2,
        "publication": "The Journal of Bone & Joint Surgery"
      },
      {
        "h5_index": 72,
        "h5_median": 99,
        "number_rank": 3,
        "publication": "The Journal of Arthroplasty"
      },
      {
        "h5_index": 70,
        "h5_median": 96,
        "number_rank": 4,
        "publication": "Knee Surgery, Sports Traumatology, Arthroscopy"
      },
      {
        "h5_index": 67,
        "h5_median": 96,
        "number_rank": 5,
        "publication": "BMC Musculoskeletal Disorders"
      },
      {
        "h5_index": 61,
        "h5_median": 79,
        "number_rank": 6,
        "publication": "Journal of shoulder and elbow surgery"
      },
      {
        "h5_index": 61,
        "h5_median": 77,
        "number_rank": 7,
        "publication": "The Bone & Joint Journal"
      },
      {
        "h5_index": 59,
        "h5_median": 78,
        "number_rank": 8,
        "publication": "Arthroscopy: The Journal of Arthroscopic & Related Surgery"
      },
      {
        "h5_index": 58,
        "h5_median": 87,
        "number_rank": 9,
        "publication": "JAAOS-Journal of the American Academy of Orthopaedic Surgeons"
      },
      {
        "h5_index": 58,
        "h5_median": 77,
        "number_rank": 10,
        "publication": "The Spine Journal"
      },
      {
        "h5_index": 57,
        "h5_median": 85,
        "number_rank": 11,
        "publication": "International Orthopaedics"
      },
      {
        "h5_index": 53,
        "h5_median": 69,
        "number_rank": 12,
        "publication": "Orthopaedic Journal of Sports Medicine"
      },
      {
        "h5_index": 52,
        "h5_median": 70,
        "number_rank": 13,
        "publication": "Journal of Orthopaedic Surgery and Research"
      },
      {
        "h5_index": 52,
        "h5_median": 67,
        "number_rank": 14,
        "publication": "Clinical Orthopaedics and Related Research"
      },
      {
        "h5_index": 52,
        "h5_median": 67,
        "number_rank": 15,
        "publication": "Spine"
      },
      {
        "h5_index": 51,
        "h5_median": 74,
        "number_rank": 16,
        "publication": "Injury"
      },
      {
        "h5_index": 49,
        "h5_median": 63,
        "number_rank": 17,
        "publication": "EFORT Open Reviews"
      },
      {
        "h5_index": 47,
        "h5_median": 63,
        "number_rank": 18,
        "publication": "European Spine Journal"
      },
      {
        "h5_index": 46,
        "h5_median": 65,
        "number_rank": 19,
        "publication": "Journal of Orthopaedic Research"
      },
      {
        "h5_index": 46,
        "h5_median": 58,
        "number_rank": 20,
        "publication": "Orthopaedics & Traumatology: Surgery & Research"
      }
    ]
  }
]