[
  {
    "rankings": [
      {
        "h5_index": 212,
        "h5_median": 308,
        "number_rank": 1,
        "publication": "Journal of Clinical Oncology"
      },
      {
        "h5_index": 202,
        "h5_median": 347,
        "number_rank": 2,
        "publication": "The Lancet Oncology"
      },
      {
        "h5_index": 171,
        "h5_median": 278,
        "number_rank": 3,
        "publication": "Annals of Oncology"
      },
      {
        "h5_index": 170,
        "h5_median": 278,
        "number_rank": 4,
        "publication": "Molecular Cancer"
      },
      {
        "h5_index": 153,
        "h5_median": 239,
        "number_rank": 5,
        "publication": "Cancer Cell"
      },
      {
        "h5_index": 145,
        "h5_median": 200,
        "number_rank": 6,
        "publication": "Clinical Cancer Research"
      },
      {
        "h5_index": 143,
        "h5_median": 256,
        "number_rank": 7,
        "publication": "JAMA Oncology"
      },
      {
        "h5_index": 143,
        "h5_median": 192,
        "number_rank": 8,
        "publication": "Cancers"
      },
      {
        "h5_index": 136,
        "h5_median": 215,
        "number_rank": 9,
        "publication": "Journal of Hematology & Oncology"
      },
      {
        "h5_index": 136,
        "h5_median": 212,
        "number_rank": 10,
        "publication": "Cancer Discovery"
      },
      {
        "h5_index": 133,
        "h5_median": 177,
        "number_rank": 11,
        "publication": "Frontiers in Oncology"
      },
      {
        "h5_index": 128,
        "h5_median": 301,
        "number_rank": 12,
        "publication": "Nature Reviews Cancer"
      },
      {
        "h5_index": 126,
        "h5_median": 271,
        "number_rank": 13,
        "publication": "Nature Reviews Clinical Oncology"
      },
      {
        "h5_index": 123,
        "h5_median": 182,
        "number_rank": 14,
        "publication": "Cancer Research"
      },
      {
        "h5_index": 120,
        "h5_median": 154,
        "number_rank": 15,
        "publication": "Journal for ImmunoTherapy of Cancer"
      },
      {
        "h5_index": 112,
        "h5_median": 155,
        "number_rank": 16,
        "publication": "Journal of Experimental & Clinical Cancer Research"
      },
      {
        "h5_index": 106,
        "h5_median": 167,
        "number_rank": 17,
        "publication": "Journal of Thoracic Oncology"
      },
      {
        "h5_index": 104,
        "h5_median": 154,
        "number_rank": 18,
        "publication": "Seminars in Cancer Biology"
      },
      {
        "h5_index": 102,
        "h5_median": 144,
        "number_rank": 19,
        "publication": "Cancer Letters"
      },
      {
        "h5_index": 96,
        "h5_median": 147,
        "number_rank": 20,
        "publication": "European Journal of Cancer"
      }
    ]
  }
]