[
  {
    "rankings": [
      {
        "h5_index": 185,
        "h5_median": 271,
        "number_rank": 1,
        "publication": "Frontiers in Psychology"
      },
      {
        "h5_index": 111,
        "h5_median": 174,
        "number_rank": 2,
        "publication": "Trends in Cognitive Sciences"
      },
      {
        "h5_index": 101,
        "h5_median": 158,
        "number_rank": 3,
        "publication": "Personality and Individual Differences"
      },
      {
        "h5_index": 98,
        "h5_median": 132,
        "number_rank": 4,
        "publication": "Current Opinion in Psychology"
      },
      {
        "h5_index": 95,
        "h5_median": 169,
        "number_rank": 5,
        "publication": "Perspectives on Psychological Science"
      },
      {
        "h5_index": 89,
        "h5_median": 155,
        "number_rank": 6,
        "publication": "Clinical Psychology Review"
      },
      {
        "h5_index": 89,
        "h5_median": 132,
        "number_rank": 7,
        "publication": "Journal of Applied Psychology"
      },
      {
        "h5_index": 88,
        "h5_median": 169,
        "number_rank": 8,
        "publication": "American Psychologist"
      },
      {
        "h5_index": 86,
        "h5_median": 116,
        "number_rank": 9,
        "publication": "Current Psychology"
      },
      {
        "h5_index": 83,
        "h5_median": 131,
        "number_rank": 10,
        "publication": "Journal of Vocational Behavior"
      },
      {
        "h5_index": 83,
        "h5_median": 110,
        "number_rank": 11,
        "publication": "Journal of Personality and Social Psychology"
      },
      {
        "h5_index": 80,
        "h5_median": 187,
        "number_rank": 12,
        "publication": "Annual Review of Psychology"
      },
      {
        "h5_index": 79,
        "h5_median": 173,
        "number_rank": 13,
        "publication": "Psychological Bulletin"
      },
      {
        "h5_index": 77,
        "h5_median": 110,
        "number_rank": 14,
        "publication": "Child Development"
      },
      {
        "h5_index": 76,
        "h5_median": 127,
        "number_rank": 15,
        "publication": "Journal of Child Psychology and Psychiatry"
      },
      {
        "h5_index": 76,
        "h5_median": 115,
        "number_rank": 16,
        "publication": "Psychological Science"
      },
      {
        "h5_index": 75,
        "h5_median": 143,
        "number_rank": 17,
        "publication": "Educational Psychology Review"
      },
      {
        "h5_index": 75,
        "h5_median": 117,
        "number_rank": 18,
        "publication": "Addictive Behaviors"
      },
      {
        "h5_index": 74,
        "h5_median": 121,
        "number_rank": 19,
        "publication": "Psychological Trauma: Theory, Research, Practice, and Policy"
      },
      {
        "h5_index": 74,
        "h5_median": 118,
        "number_rank": 20,
        "publication": "European Child & Adolescent Psychiatry"
      }
    ]
  }
]