[
  {
    "rankings": [
      {
        "h5_index": 89,
        "h5_median": 130,
        "number_rank": 1,
        "publication": "Acta Neuropathologica"
      },
      {
        "h5_index": 73,
        "h5_median": 102,
        "number_rank": 2,
        "publication": "Modern Pathology"
      },
      {
        "h5_index": 70,
        "h5_median": 97,
        "number_rank": 3,
        "publication": "Acta Neuropathologica Communications"
      },
      {
        "h5_index": 64,
        "h5_median": 108,
        "number_rank": 4,
        "publication": "Journal of Pathology"
      },
      {
        "h5_index": 60,
        "h5_median": 94,
        "number_rank": 5,
        "publication": "The American Journal of Pathology"
      },
      {
        "h5_index": 60,
        "h5_median": 82,
        "number_rank": 6,
        "publication": "The American Journal of Surgical Pathology"
      },
      {
        "h5_index": 55,
        "h5_median": 120,
        "number_rank": 7,
        "publication": "Annual Review of Pathology: Mechanisms of Disease"
      },
      {
        "h5_index": 55,
        "h5_median": 88,
        "number_rank": 8,
        "publication": "Archives of Pathology & Laboratory Medicine"
      },
      {
        "h5_index": 54,
        "h5_median": 77,
        "number_rank": 9,
        "publication": "Histopathology"
      },
      {
        "h5_index": 51,
        "h5_median": 70,
        "number_rank": 10,
        "publication": "Virchows Archiv"
      },
      {
        "h5_index": 48,
        "h5_median": 78,
        "number_rank": 11,
        "publication": "Brain Pathology"
      },
      {
        "h5_index": 48,
        "h5_median": 58,
        "number_rank": 12,
        "publication": "Pathology-Research and Practice"
      },
      {
        "h5_index": 46,
        "h5_median": 84,
        "number_rank": 13,
        "publication": "Laboratory Investigation"
      },
      {
        "h5_index": 45,
        "h5_median": 84,
        "number_rank": 14,
        "publication": "American Journal of Clinical Pathology"
      },
      {
        "h5_index": 43,
        "h5_median": 71,
        "number_rank": 15,
        "publication": "Journal of Clinical Pathology"
      },
      {
        "h5_index": 39,
        "h5_median": 58,
        "number_rank": 16,
        "publication": "Neuropathology and Applied Neurobiology"
      },
      {
        "h5_index": 39,
        "h5_median": 52,
        "number_rank": 17,
        "publication": "Pathology & Oncology Research"
      },
      {
        "h5_index": 38,
        "h5_median": 50,
        "number_rank": 18,
        "publication": "Expert Review of Molecular Diagnostics"
      },
      {
        "h5_index": 38,
        "h5_median": 48,
        "number_rank": 19,
        "publication": "Cancer Cytopathology"
      },
      {
        "h5_index": 37,
        "h5_median": 51,
        "number_rank": 20,
        "publication": "Journal of Oral Pathology & Medicine"
      }
    ]
  }
]