[
  {
    "rankings": [
      {
        "h5_index": 117,
        "h5_median": 201,
        "number_rank": 1,
        "publication": "British Journal of Sports Medicine"
      },
      {
        "h5_index": 97,
        "h5_median": 146,
        "number_rank": 2,
        "publication": "Sports Medicine"
      },
      {
        "h5_index": 80,
        "h5_median": 114,
        "number_rank": 3,
        "publication": "International Journal of Behavioral Nutrition and Physical Activity"
      },
      {
        "h5_index": 78,
        "h5_median": 102,
        "number_rank": 4,
        "publication": "The American Journal of Sports Medicine"
      },
      {
        "h5_index": 74,
        "h5_median": 96,
        "number_rank": 5,
        "publication": "The Journal of Strength & Conditioning Research"
      },
      {
        "h5_index": 70,
        "h5_median": 96,
        "number_rank": 6,
        "publication": "Knee Surgery, Sports Traumatology, Arthroscopy"
      },
      {
        "h5_index": 68,
        "h5_median": 110,
        "number_rank": 7,
        "publication": "Journal of Sport and Health Science"
      },
      {
        "h5_index": 67,
        "h5_median": 104,
        "number_rank": 8,
        "publication": "Medicine & Science in Sports & Exercise"
      },
      {
        "h5_index": 66,
        "h5_median": 89,
        "number_rank": 9,
        "publication": "Journal of Sports Sciences"
      },
      {
        "h5_index": 64,
        "h5_median": 90,
        "number_rank": 10,
        "publication": "Psychology of Sport and Exercise"
      },
      {
        "h5_index": 59,
        "h5_median": 78,
        "number_rank": 11,
        "publication": "Arthroscopy: The Journal of Arthroscopic & Related Surgery"
      },
      {
        "h5_index": 59,
        "h5_median": 76,
        "number_rank": 12,
        "publication": "Scandinavian Journal of Medicine & Science in Sports"
      },
      {
        "h5_index": 57,
        "h5_median": 87,
        "number_rank": 13,
        "publication": "Physical Therapy"
      },
      {
        "h5_index": 57,
        "h5_median": 79,
        "number_rank": 14,
        "publication": "Journal of Science and Medicine in Sport"
      },
      {
        "h5_index": 55,
        "h5_median": 87,
        "number_rank": 15,
        "publication": "Sports Medicine-Open"
      },
      {
        "h5_index": 53,
        "h5_median": 76,
        "number_rank": 16,
        "publication": "European Journal of Sport Science"
      },
      {
        "h5_index": 53,
        "h5_median": 69,
        "number_rank": 17,
        "publication": "Orthopaedic Journal of Sports Medicine"
      },
      {
        "h5_index": 53,
        "h5_median": 68,
        "number_rank": 18,
        "publication": "International Journal of Sports Physiology and Performance"
      },
      {
        "h5_index": 51,
        "h5_median": 68,
        "number_rank": 19,
        "publication": "Sports"
      },
      {
        "h5_index": 50,
        "h5_median": 70,
        "number_rank": 20,
        "publication": "Journal of Athletic Training"
      }
    ]
  }
]