[
  {
    "rankings": [
      {
        "h5_index": 213,
        "h5_median": 306,
        "number_rank": 1,
        "publication": "Frontiers in Immunology"
      },
      {
        "h5_index": 166,
        "h5_median": 283,
        "number_rank": 2,
        "publication": "Immunity"
      },
      {
        "h5_index": 161,
        "h5_median": 320,
        "number_rank": 3,
        "publication": "Nature Reviews Immunology"
      },
      {
        "h5_index": 143,
        "h5_median": 239,
        "number_rank": 4,
        "publication": "Nature Immunology"
      },
      {
        "h5_index": 119,
        "h5_median": 176,
        "number_rank": 5,
        "publication": "Journal of Allergy and Clinical Immunology"
      },
      {
        "h5_index": 115,
        "h5_median": 170,
        "number_rank": 6,
        "publication": "Journal of Experimental Medicine"
      },
      {
        "h5_index": 109,
        "h5_median": 172,
        "number_rank": 7,
        "publication": "Science Immunology"
      },
      {
        "h5_index": 103,
        "h5_median": 162,
        "number_rank": 8,
        "publication": "Allergy"
      },
      {
        "h5_index": 101,
        "h5_median": 178,
        "number_rank": 9,
        "publication": "Cellular & Molecular Immunology"
      },
      {
        "h5_index": 91,
        "h5_median": 130,
        "number_rank": 10,
        "publication": "The Journal of Allergy and Clinical Immunology: In Practice"
      },
      {
        "h5_index": 83,
        "h5_median": 114,
        "number_rank": 11,
        "publication": "International Immunopharmacology"
      },
      {
        "h5_index": 82,
        "h5_median": 116,
        "number_rank": 12,
        "publication": "The Journal of Immunology"
      },
      {
        "h5_index": 81,
        "h5_median": 126,
        "number_rank": 13,
        "publication": "Autoimmunity Reviews"
      },
      {
        "h5_index": 78,
        "h5_median": 134,
        "number_rank": 14,
        "publication": "Trends in Immunology"
      },
      {
        "h5_index": 77,
        "h5_median": 123,
        "number_rank": 15,
        "publication": "European Journal of Immunology"
      },
      {
        "h5_index": 76,
        "h5_median": 97,
        "number_rank": 16,
        "publication": "Fish & Shellfish Immunology"
      },
      {
        "h5_index": 73,
        "h5_median": 113,
        "number_rank": 17,
        "publication": "Journal of Autoimmunity"
      },
      {
        "h5_index": 70,
        "h5_median": 112,
        "number_rank": 18,
        "publication": "Immunological Reviews"
      },
      {
        "h5_index": 66,
        "h5_median": 95,
        "number_rank": 19,
        "publication": "Journal of Leukocyte Biology"
      },
      {
        "h5_index": 65,
        "h5_median": 170,
        "number_rank": 20,
        "publication": "Annual Review of Immunology"
      }
    ]
  }
]