[
  {
    "rankings": [
      {
        "h5_index": 69,
        "h5_median": 89,
        "number_rank": 1,
        "publication": "Supportive Care in Cancer"
      },
      {
        "h5_index": 61,
        "h5_median": 96,
        "number_rank": 2,
        "publication": "Journal of Pain and Symptom Management"
      },
      {
        "h5_index": 54,
        "h5_median": 79,
        "number_rank": 3,
        "publication": "Palliative Medicine"
      },
      {
        "h5_index": 50,
        "h5_median": 69,
        "number_rank": 4,
        "publication": "BMC Palliative Care"
      },
      {
        "h5_index": 48,
        "h5_median": 81,
        "number_rank": 5,
        "publication": "Death Studies"
      },
      {
        "h5_index": 42,
        "h5_median": 55,
        "number_rank": 6,
        "publication": "Annals of Palliative Medicine"
      },
      {
        "h5_index": 41,
        "h5_median": 57,
        "number_rank": 7,
        "publication": "BMJ Supportive & Palliative Care"
      },
      {
        "h5_index": 41,
        "h5_median": 54,
        "number_rank": 8,
        "publication": "Journal of Palliative Medicine"
      },
      {
        "h5_index": 38,
        "h5_median": 47,
        "number_rank": 9,
        "publication": "OMEGA-Journal of Death and Dying"
      },
      {
        "h5_index": 37,
        "h5_median": 53,
        "number_rank": 10,
        "publication": "Palliative & Supportive Care"
      },
      {
        "h5_index": 34,
        "h5_median": 51,
        "number_rank": 11,
        "publication": "American Journal of Hospice and Palliative Medicine"
      },
      {
        "h5_index": 28,
        "h5_median": 35,
        "number_rank": 12,
        "publication": "Journal of Hospice & Palliative Nursing"
      },
      {
        "h5_index": 23,
        "h5_median": 33,
        "number_rank": 13,
        "publication": "Indian Journal of Palliative Care"
      },
      {
        "h5_index": 22,
        "h5_median": 31,
        "number_rank": 14,
        "publication": "Current Opinion in Supportive and Palliative Care"
      },
      {
        "h5_index": 22,
        "h5_median": 31,
        "number_rank": 15,
        "publication": "Journal of Palliative Care"
      },
      {
        "h5_index": 19,
        "h5_median": 32,
        "number_rank": 16,
        "publication": "Palliative Care and Social Practice"
      },
      {
        "h5_index": 18,
        "h5_median": 22,
        "number_rank": 17,
        "publication": "Journal of Health Care Chaplaincy"
      },
      {
        "h5_index": 16,
        "h5_median": 24,
        "number_rank": 18,
        "publication": "International Journal of Palliative Nursing"
      },
      {
        "h5_index": 16,
        "h5_median": 24,
        "number_rank": 19,
        "publication": "Progress in Palliative Care"
      },
      {
        "h5_index": 15,
        "h5_median": 24,
        "number_rank": 20,
        "publication": "Mortality"
      }
    ]
  }
]