[
  {
    "rankings": [
      {
        "h5_index": 66,
        "h5_median": 83,
        "number_rank": 1,
        "publication": "Neurosurgery"
      },
      {
        "h5_index": 64,
        "h5_median": 85,
        "number_rank": 2,
        "publication": "World Neurosurgery"
      },
      {
        "h5_index": 58,
        "h5_median": 80,
        "number_rank": 3,
        "publication": "Journal of Neurosurgery"
      },
      {
        "h5_index": 50,
        "h5_median": 67,
        "number_rank": 4,
        "publication": "Neurosurgical Focus"
      },
      {
        "h5_index": 45,
        "h5_median": 61,
        "number_rank": 5,
        "publication": "Journal of Neurosurgery. Spine"
      },
      {
        "h5_index": 44,
        "h5_median": 61,
        "number_rank": 6,
        "publication": "Neurosurgical Review"
      },
      {
        "h5_index": 44,
        "h5_median": 55,
        "number_rank": 7,
        "publication": "Acta Neurochirurgica"
      },
      {
        "h5_index": 35,
        "h5_median": 57,
        "number_rank": 8,
        "publication": "Operative Neurosurgery"
      },
      {
        "h5_index": 31,
        "h5_median": 45,
        "number_rank": 9,
        "publication": "Journal of Neurosurgery: Pediatrics"
      },
      {
        "h5_index": 29,
        "h5_median": 45,
        "number_rank": 10,
        "publication": "Neurosurgery Clinics"
      },
      {
        "h5_index": 25,
        "h5_median": 31,
        "number_rank": 11,
        "publication": "Surgical Neurology International"
      },
      {
        "h5_index": 25,
        "h5_median": 30,
        "number_rank": 12,
        "publication": "British Journal of Neurosurgery"
      },
      {
        "h5_index": 24,
        "h5_median": 33,
        "number_rank": 13,
        "publication": "Journal of Neurological Surgery Part B: Skull Base"
      },
      {
        "h5_index": 23,
        "h5_median": 39,
        "number_rank": 14,
        "publication": "Brain Tumor Research and Treatment"
      },
      {
        "h5_index": 23,
        "h5_median": 37,
        "number_rank": 15,
        "publication": "Neurologia Medico-chirurgica"
      },
      {
        "h5_index": 23,
        "h5_median": 34,
        "number_rank": 16,
        "publication": "Journal of Korean Neurosurgical Society"
      },
      {
        "h5_index": 23,
        "h5_median": 29,
        "number_rank": 17,
        "publication": "Journal of Neurosurgical Sciences"
      },
      {
        "h5_index": 22,
        "h5_median": 29,
        "number_rank": 18,
        "publication": "Neurochirurgie"
      },
      {
        "h5_index": 20,
        "h5_median": 28,
        "number_rank": 19,
        "publication": "Interdisciplinary Neurosurgery"
      },
      {
        "h5_index": 20,
        "h5_median": 27,
        "number_rank": 20,
        "publication": "Asian Journal of Neurosurgery"
      }
    ]
  }
]