[
  {
    "rankings": [
      {
        "h5_index": 129,
        "h5_median": 205,
        "number_rank": 1,
        "publication": "Critical Care"
      },
      {
        "h5_index": 114,
        "h5_median": 207,
        "number_rank": 2,
        "publication": "Intensive Care Medicine"
      },
      {
        "h5_index": 87,
        "h5_median": 135,
        "number_rank": 3,
        "publication": "Critical Care Medicine"
      },
      {
        "h5_index": 67,
        "h5_median": 111,
        "number_rank": 4,
        "publication": "Annals of Intensive Care"
      },
      {
        "h5_index": 52,
        "h5_median": 73,
        "number_rank": 5,
        "publication": "Journal of Critical Care"
      },
      {
        "h5_index": 49,
        "h5_median": 73,
        "number_rank": 6,
        "publication": "Journal of Intensive Care Medicine"
      },
      {
        "h5_index": 45,
        "h5_median": 66,
        "number_rank": 7,
        "publication": "Intensive & critical care nursing"
      },
      {
        "h5_index": 42,
        "h5_median": 61,
        "number_rank": 8,
        "publication": "Journal of Intensive Care"
      },
      {
        "h5_index": 41,
        "h5_median": 63,
        "number_rank": 9,
        "publication": "Pediatric Critical Care Medicine"
      },
      {
        "h5_index": 41,
        "h5_median": 54,
        "number_rank": 10,
        "publication": "Critical Care Explorations"
      },
      {
        "h5_index": 38,
        "h5_median": 49,
        "number_rank": 11,
        "publication": "Current Opinion in Critical Care"
      },
      {
        "h5_index": 37,
        "h5_median": 49,
        "number_rank": 12,
        "publication": "Indian Journal of Critical Care Medicine"
      },
      {
        "h5_index": 37,
        "h5_median": 49,
        "number_rank": 13,
        "publication": "Nursing in Critical Care"
      },
      {
        "h5_index": 36,
        "h5_median": 62,
        "number_rank": 14,
        "publication": "Australian critical care"
      },
      {
        "h5_index": 35,
        "h5_median": 64,
        "number_rank": 15,
        "publication": "Critical Care Clinics"
      },
      {
        "h5_index": 34,
        "h5_median": 49,
        "number_rank": 16,
        "publication": "Medicina intensiva"
      },
      {
        "h5_index": 33,
        "h5_median": 51,
        "number_rank": 17,
        "publication": "Intensive Care Medicine Experimental"
      },
      {
        "h5_index": 31,
        "h5_median": 48,
        "number_rank": 18,
        "publication": "Revista Brasileira de Terapia Intensiva"
      },
      {
        "h5_index": 30,
        "h5_median": 35,
        "number_rank": 19,
        "publication": "Journal of the Intensive Care Society"
      },
      {
        "h5_index": 29,
        "h5_median": 46,
        "number_rank": 20,
        "publication": "American Journal of Critical Care"
      }
    ]
  }
]