[
  {
    "rankings": [
      {
        "number_rank": 1,
        "publication": "Journal of the American Academy of Dermatology",
        "h5_index": 111,
        "h5_median": 177
      },
      {
        "number_rank": 2,
        "publication": "Journal of the European Academy of Dermatology and Venereology",
        "h5_index": 85,
        "h5_median": 121
      },
      {
        "number_rank": 3,
        "publication": "British Journal of Dermatology",
        "h5_index": 84,
        "h5_median": 133
      },
      {
        "number_rank": 4,
        "publication": "JAMA Dermatology",
        "h5_index": 74,
        "h5_median": 112
      },
      {
        "number_rank": 5,
        "publication": "Journal of Investigative Dermatology",
        "h5_index": 67,
        "h5_median": 91
      },
      {
        "number_rank": 6,
        "publication": "American Journal of Clinical Dermatology",
        "h5_index": 60,
        "h5_median": 86
      },
      {
        "number_rank": 7,
        "publication": "Dermatologic Therapy",
        "h5_index": 55,
        "h5_median": 82
      },
      {
        "number_rank": 8,
        "publication": "Journal of Cosmetic Dermatology",
        "h5_index": 53,
        "h5_median": 68
      },
      {
        "number_rank": 9,
        "publication": "Experimental Dermatology",
        "h5_index": 52,
        "h5_median": 75
      },
      {
        "number_rank": 10,
        "publication": "Journal of Dermatological Treatment",
        "h5_index": 48,
        "h5_median": 69
      },
      {
        "number_rank": 11,
        "publication": "Acta Dermato-Venereologica",
        "h5_index": 47,
        "h5_median": 74
      },
      {
        "number_rank": 12,
        "publication": "International Journal of Dermatology",
        "h5_index": 46,
        "h5_median": 68
      },
      {
        "number_rank": 13,
        "publication": "Dermatology and Therapy",
        "h5_index": 45,
        "h5_median": 62
      },
      {
        "number_rank": 14,
        "publication": "Clinical and Experimental Dermatology",
        "h5_index": 43,
        "h5_median": 64
      },
      {
        "number_rank": 15,
        "publication": "Journal of the German Society of Dermatology: JDDG",
        "h5_index": 42,
        "h5_median": 64
      },
      {
        "number_rank": 16,
        "publication": "Cosmetics",
        "h5_index": 41,
        "h5_median": 63
      },
      {
        "number_rank": 17,
        "publication": "Clinical, Cosmetic and Investigational Dermatology",
        "h5_index": 41,
        "h5_median": 54
      },
      {
        "number_rank": 18,
        "publication": "Dermatologic Surgery",
        "h5_index": 40,
        "h5_median": 46
      },
      {
        "number_rank": 19,
        "publication": "Contact Dermatitis",
        "h5_index": 38,
        "h5_median": 56
      },
      {
        "number_rank": 20,
        "publication": "Clinics in Dermatology",
        "h5_index": 37,
        "h5_median": 57
      }
    ]
  }
]