[
  {
    "rankings": [
      {
        "h5_index": 140,
        "h5_median": 274,
        "number_rank": 1,
        "publication": "Radiology"
      },
      {
        "h5_index": 125,
        "h5_median": 203,
        "number_rank": 2,
        "publication": "IEEE Transactions on Medical Imaging"
      },
      {
        "h5_index": 108,
        "h5_median": 149,
        "number_rank": 3,
        "publication": "European Radiology"
      },
      {
        "h5_index": 96,
        "h5_median": 141,
        "number_rank": 4,
        "publication": "Medical Image Computing and Computer Assisted Intervention"
      },
      {
        "h5_index": 95,
        "h5_median": 132,
        "number_rank": 5,
        "publication": "JACC: Cardiovascular Imaging"
      },
      {
        "h5_index": 81,
        "h5_median": 119,
        "number_rank": 6,
        "publication": "Medical Physics"
      },
      {
        "h5_index": 71,
        "h5_median": 102,
        "number_rank": 7,
        "publication": "Journal of Magnetic Resonance Imaging"
      },
      {
        "h5_index": 69,
        "h5_median": 106,
        "number_rank": 8,
        "publication": "Endoscopy"
      },
      {
        "h5_index": 69,
        "h5_median": 95,
        "number_rank": 9,
        "publication": "Physics in Medicine & Biology"
      },
      {
        "h5_index": 67,
        "h5_median": 102,
        "number_rank": 10,
        "publication": "American Journal of Roentgenology"
      },
      {
        "h5_index": 67,
        "h5_median": 93,
        "number_rank": 11,
        "publication": "Magnetic Resonance in Medicine"
      },
      {
        "h5_index": 66,
        "h5_median": 95,
        "number_rank": 12,
        "publication": "European Heart Journal-Cardiovascular Imaging"
      },
      {
        "h5_index": 62,
        "h5_median": 87,
        "number_rank": 13,
        "publication": "RadioGraphics"
      },
      {
        "h5_index": 61,
        "h5_median": 92,
        "number_rank": 14,
        "publication": "Academic Radiology"
      },
      {
        "h5_index": 61,
        "h5_median": 78,
        "number_rank": 15,
        "publication": "American Journal of Neuroradiology"
      },
      {
        "h5_index": 59,
        "h5_median": 85,
        "number_rank": 16,
        "publication": "European Journal of Radiology"
      },
      {
        "h5_index": 56,
        "h5_median": 90,
        "number_rank": 17,
        "publication": "Journal of Digital Imaging"
      },
      {
        "h5_index": 56,
        "h5_median": 84,
        "number_rank": 18,
        "publication": "Journal of the American Society of Echocardiography"
      },
      {
        "h5_index": 56,
        "h5_median": 81,
        "number_rank": 19,
        "publication": "Journal of the American College of Radiology"
      },
      {
        "h5_index": 55,
        "h5_median": 91,
        "number_rank": 20,
        "publication": "Computerized medical imaging and graphics"
      }
    ]
  }
]