[
  {
    "rankings": [
      {
        "h5_index": 156,
        "h5_median": 319,
        "number_rank": 1,
        "publication": "Journal of Medical Virology"
      },
      {
        "h5_index": 112,
        "h5_median": 166,
        "number_rank": 2,
        "publication": "Viruses"
      },
      {
        "h5_index": 108,
        "h5_median": 144,
        "number_rank": 3,
        "publication": "Vaccines"
      },
      {
        "h5_index": 95,
        "h5_median": 155,
        "number_rank": 4,
        "publication": "Vaccine"
      },
      {
        "h5_index": 95,
        "h5_median": 133,
        "number_rank": 5,
        "publication": "PLOS Pathogens"
      },
      {
        "h5_index": 94,
        "h5_median": 170,
        "number_rank": 6,
        "publication": "Emerging Microbes & Infections"
      },
      {
        "h5_index": 84,
        "h5_median": 127,
        "number_rank": 7,
        "publication": "Journal of Virology"
      },
      {
        "h5_index": 79,
        "h5_median": 139,
        "number_rank": 8,
        "publication": "Journal of Clinical Virology"
      },
      {
        "h5_index": 75,
        "h5_median": 107,
        "number_rank": 9,
        "publication": "Human Vaccines & Immunotherapeutics"
      },
      {
        "h5_index": 64,
        "h5_median": 82,
        "number_rank": 10,
        "publication": "Transboundary and Emerging Diseases"
      },
      {
        "h5_index": 62,
        "h5_median": 106,
        "number_rank": 11,
        "publication": "Reviews in Medical Virology"
      },
      {
        "h5_index": 62,
        "h5_median": 92,
        "number_rank": 12,
        "publication": "Virus Research"
      },
      {
        "h5_index": 57,
        "h5_median": 122,
        "number_rank": 13,
        "publication": "Antiviral Research"
      },
      {
        "h5_index": 52,
        "h5_median": 81,
        "number_rank": 14,
        "publication": "NPJ Vaccines"
      },
      {
        "h5_index": 51,
        "h5_median": 85,
        "number_rank": 15,
        "publication": "Virology Journal"
      },
      {
        "h5_index": 51,
        "h5_median": 73,
        "number_rank": 16,
        "publication": "Expert Review of Vaccines"
      },
      {
        "h5_index": 49,
        "h5_median": 73,
        "number_rank": 17,
        "publication": "Journal of General Virology"
      },
      {
        "h5_index": 49,
        "h5_median": 71,
        "number_rank": 18,
        "publication": "Current Opinion in Virology"
      },
      {
        "h5_index": 43,
        "h5_median": 83,
        "number_rank": 19,
        "publication": "Archives of Virology"
      },
      {
        "h5_index": 42,
        "h5_median": 70,
        "number_rank": 20,
        "publication": "Influenza and Other Respiratory Viruses"
      }
    ]
  }
]