[
  {
    "rankings": [
      {
        "h5_index": 76,
        "h5_median": 133,
        "number_rank": 1,
        "publication": "Periodontology 2000"
      },
      {
        "h5_index": 74,
        "h5_median": 97,
        "number_rank": 2,
        "publication": "Clinical Oral Investigations"
      },
      {
        "h5_index": 73,
        "h5_median": 119,
        "number_rank": 3,
        "publication": "Journal of Clinical Periodontology"
      },
      {
        "h5_index": 73,
        "h5_median": 112,
        "number_rank": 4,
        "publication": "Journal of Dental Research"
      },
      {
        "h5_index": 73,
        "h5_median": 103,
        "number_rank": 5,
        "publication": "The Journal of Prosthetic Dentistry"
      },
      {
        "h5_index": 69,
        "h5_median": 96,
        "number_rank": 6,
        "publication": "BMC Oral Health"
      },
      {
        "h5_index": 64,
        "h5_median": 93,
        "number_rank": 7,
        "publication": "International Endodontic Journal"
      },
      {
        "h5_index": 64,
        "h5_median": 86,
        "number_rank": 8,
        "publication": "Dental Materials"
      },
      {
        "h5_index": 63,
        "h5_median": 92,
        "number_rank": 9,
        "publication": "Journal of Endodontics"
      },
      {
        "h5_index": 62,
        "h5_median": 105,
        "number_rank": 10,
        "publication": "Journal of Prosthodontics"
      },
      {
        "h5_index": 61,
        "h5_median": 89,
        "number_rank": 11,
        "publication": "Oral Diseases"
      },
      {
        "h5_index": 60,
        "h5_median": 83,
        "number_rank": 12,
        "publication": "Journal of Dentistry"
      },
      {
        "h5_index": 53,
        "h5_median": 86,
        "number_rank": 13,
        "publication": "Journal of Periodontology"
      },
      {
        "h5_index": 52,
        "h5_median": 75,
        "number_rank": 14,
        "publication": "Clinical Oral Implants Research"
      },
      {
        "h5_index": 51,
        "h5_median": 76,
        "number_rank": 15,
        "publication": "British Dental Journal"
      },
      {
        "h5_index": 51,
        "h5_median": 75,
        "number_rank": 16,
        "publication": "Journal of Oral Rehabilitation"
      },
      {
        "h5_index": 49,
        "h5_median": 76,
        "number_rank": 17,
        "publication": "Journal of Esthetic and Restorative Dentistry"
      },
      {
        "h5_index": 47,
        "h5_median": 89,
        "number_rank": 18,
        "publication": "International Journal of Oral Science"
      },
      {
        "h5_index": 47,
        "h5_median": 62,
        "number_rank": 19,
        "publication": "American Journal of Orthodontics and Dentofacial Orthopedics"
      },
      {
        "h5_index": 46,
        "h5_median": 71,
        "number_rank": 20,
        "publication": "Dentistry Journal"
      }
    ]
  }
]