[
  {
    "rankings": [
      {
        "h5_index": 75,
        "h5_median": 121,
        "number_rank": 1,
        "publication": "Clinica chimica acta"
      },
      {
        "h5_index": 64,
        "h5_median": 97,
        "number_rank": 2,
        "publication": "Clinical Chemistry"
      },
      {
        "h5_index": 59,
        "h5_median": 94,
        "number_rank": 3,
        "publication": "Clinical Chemistry and Laboratory Medicine"
      },
      {
        "h5_index": 49,
        "h5_median": 67,
        "number_rank": 4,
        "publication": "Journal of Clinical Laboratory Analysis"
      },
      {
        "h5_index": 40,
        "h5_median": 72,
        "number_rank": 5,
        "publication": "International Journal of Laboratory Hematology"
      },
      {
        "h5_index": 38,
        "h5_median": 55,
        "number_rank": 6,
        "publication": "Clinical Biochemistry"
      },
      {
        "h5_index": 37,
        "h5_median": 72,
        "number_rank": 7,
        "publication": "Critical Reviews in Clinical Laboratory Sciences"
      },
      {
        "h5_index": 36,
        "h5_median": 56,
        "number_rank": 8,
        "publication": "Advances in Clinical Chemistry"
      },
      {
        "h5_index": 32,
        "h5_median": 58,
        "number_rank": 9,
        "publication": "Annals of Laboratory Medicine"
      },
      {
        "h5_index": 32,
        "h5_median": 41,
        "number_rank": 10,
        "publication": "The Journal of Applied Laboratory Medicine"
      },
      {
        "h5_index": 29,
        "h5_median": 44,
        "number_rank": 11,
        "publication": "Journal of Analytical Methods in Chemistry"
      },
      {
        "h5_index": 27,
        "h5_median": 36,
        "number_rank": 12,
        "publication": "Indian Journal of Clinical Biochemistry"
      },
      {
        "h5_index": 26,
        "h5_median": 41,
        "number_rank": 13,
        "publication": "Annals of Clinical Biochemistry"
      },
      {
        "h5_index": 25,
        "h5_median": 37,
        "number_rank": 14,
        "publication": "Scandinavian Journal of Clinical and Laboratory Investigation"
      },
      {
        "h5_index": 25,
        "h5_median": 34,
        "number_rank": 15,
        "publication": "Biochemia Medica"
      },
      {
        "h5_index": 23,
        "h5_median": 33,
        "number_rank": 16,
        "publication": "Laboratory Medicine"
      },
      {
        "h5_index": 23,
        "h5_median": 31,
        "number_rank": 17,
        "publication": "Journal of Medical Biochemistry"
      },
      {
        "h5_index": 22,
        "h5_median": 33,
        "number_rank": 18,
        "publication": "Clinical Laboratory"
      },
      {
        "h5_index": 22,
        "h5_median": 26,
        "number_rank": 19,
        "publication": "Journal of Laboratory Physicians"
      },
      {
        "h5_index": 21,
        "h5_median": 35,
        "number_rank": 20,
        "publication": "Electronic journal of the International Federation of Clinical Chemistry and Laboratory Medicine"
      }
    ]
  }
]