[
  {
    "rankings": [
      {
        "number_rank": 1,
        "publication": "International Journal of Environmental Research and Public Health",
        "h5_index": 229,
        "h5_median": 328
      },
      {
        "number_rank": 2,
        "publication": "BMC Public Health",
        "h5_index": 141,
        "h5_median": 189
      },
      {
        "number_rank": 3,
        "publication": "The Lancet Public Health",
        "h5_index": 106,
        "h5_median": 194
      },
      {
        "number_rank": 4,
        "publication": "American Journal of Public Health",
        "h5_index": 92,
        "h5_median": 151
      },
      {
        "number_rank": 5,
        "publication": "International Journal of Behavioral Nutrition and Physical Activity",
        "h5_index": 80,
        "h5_median": 114
      },
      {
        "number_rank": 6,
        "publication": "Preventive Medicine",
        "h5_index": 77,
        "h5_median": 115
      },
      {
        "number_rank": 7,
        "publication": "American Journal of Preventive Medicine",
        "h5_index": 74,
        "h5_median": 108
      },
      {
        "number_rank": 8,
        "publication": "JMIR Public Health and Surveillance",
        "h5_index": 67,
        "h5_median": 132
      },
      {
        "number_rank": 9,
        "publication": "Public Health",
        "h5_index": 67,
        "h5_median": 115
      },
      {
        "number_rank": 10,
        "publication": "International Journal for Equity in Health",
        "h5_index": 67,
        "h5_median": 89
      },
      {
        "number_rank": 11,
        "publication": "Nicotine and Tobacco Research",
        "h5_index": 65,
        "h5_median": 95
      },
      {
        "number_rank": 12,
        "publication": "AIDS and behavior",
        "h5_index": 65,
        "h5_median": 86
      },
      {
        "number_rank": 13,
        "publication": "Journal of Global Health",
        "h5_index": 64,
        "h5_median": 97
      },
      {
        "number_rank": 14,
        "publication": "SSM-Population Health",
        "h5_index": 64,
        "h5_median": 92
      },
      {
        "number_rank": 15,
        "publication": "Annual Reviews of Public Health",
        "h5_index": 63,
        "h5_median": 144
      },
      {
        "number_rank": 16,
        "publication": "Tobacco Control",
        "h5_index": 63,
        "h5_median": 89
      },
      {
        "number_rank": 17,
        "publication": "Bulletin of the World Health Organization",
        "h5_index": 62,
        "h5_median": 99
      },
      {
        "number_rank": 18,
        "publication": "European Journal of Public Health",
        "h5_index": 61,
        "h5_median": 100
      },
      {
        "number_rank": 19,
        "publication": "Health & Place",
        "h5_index": 61,
        "h5_median": 77
      },
      {
        "number_rank": 20,
        "publication": "Journal of Public Health (UK Faculty of Public Health)",
        "h5_index": 58,
        "h5_median": 94
      }
    ]
  }
]