[
  {
    "rankings": [
      {
        "h5_index": 434,
        "h5_median": 897,
        "number_rank": 1,
        "publication": "The New England Journal of Medicine"
      },
      {
        "h5_index": 368,
        "h5_median": 678,
        "number_rank": 2,
        "publication": "The Lancet"
      },
      {
        "h5_index": 298,
        "h5_median": 498,
        "number_rank": 3,
        "publication": "JAMA"
      },
      {
        "h5_index": 274,
        "h5_median": 474,
        "number_rank": 4,
        "publication": "Nature Medicine"
      },
      {
        "h5_index": 267,
        "h5_median": 405,
        "number_rank": 5,
        "publication": "Proceedings of the National Academy of Sciences"
      },
      {
        "h5_index": 244,
        "h5_median": 346,
        "number_rank": 6,
        "publication": "International Journal of Molecular Sciences"
      },
      {
        "h5_index": 225,
        "h5_median": 322,
        "number_rank": 7,
        "publication": "PLOS ONE"
      },
      {
        "h5_index": 224,
        "h5_median": 388,
        "number_rank": 8,
        "publication": "BMJ"
      },
      {
        "h5_index": 177,
        "h5_median": 267,
        "number_rank": 9,
        "publication": "JAMA Network Open"
      },
      {
        "h5_index": 160,
        "h5_median": 240,
        "number_rank": 10,
        "publication": "Cell Metabolism"
      },
      {
        "h5_index": 155,
        "h5_median": 298,
        "number_rank": 11,
        "publication": "Signal Transduction and Targeted Therapy"
      },
      {
        "h5_index": 149,
        "h5_median": 206,
        "number_rank": 12,
        "publication": "The Journal of Clinical Investigation"
      },
      {
        "h5_index": 146,
        "h5_median": 193,
        "number_rank": 13,
        "publication": "Journal of Clinical Medicine"
      },
      {
        "h5_index": 143,
        "h5_median": 203,
        "number_rank": 14,
        "publication": "Science Translational Medicine"
      },
      {
        "h5_index": 137,
        "h5_median": 226,
        "number_rank": 15,
        "publication": "Annals of Internal Medicine"
      },
      {
        "h5_index": 137,
        "h5_median": 216,
        "number_rank": 16,
        "publication": "Cochrane Database of Systematic Reviews"
      },
      {
        "h5_index": 136,
        "h5_median": 194,
        "number_rank": 17,
        "publication": "Biomedicine & Pharmacotherapy"
      },
      {
        "h5_index": 132,
        "h5_median": 171,
        "number_rank": 18,
        "publication": "Theranostics"
      },
      {
        "h5_index": 131,
        "h5_median": 217,
        "number_rank": 19,
        "publication": "Cell Host & Microbe"
      },
      {
        "h5_index": 129,
        "h5_median": 208,
        "number_rank": 20,
        "publication": "The Lancet Global Health"
      }
    ]
  }
]