[
  {
    "rankings": [
      {
        "h5_index": 69,
        "h5_median": 93,
        "number_rank": 1,
        "publication": "The Journal of Thoracic and Cardiovascular Surgery"
      },
      {
        "h5_index": 67,
        "h5_median": 103,
        "number_rank": 2,
        "publication": "The Annals of Thoracic Surgery"
      },
      {
        "h5_index": 47,
        "h5_median": 72,
        "number_rank": 3,
        "publication": "European Journal of Cardio-Thoracic Surgery"
      },
      {
        "h5_index": 33,
        "h5_median": 41,
        "number_rank": 4,
        "publication": "Journal of Cardiothoracic Surgery"
      },
      {
        "h5_index": 32,
        "h5_median": 44,
        "number_rank": 5,
        "publication": "Journal of Cardiac Surgery"
      },
      {
        "h5_index": 31,
        "h5_median": 39,
        "number_rank": 6,
        "publication": "Interactive CardioVascular and Thoracic Surgery"
      },
      {
        "h5_index": 30,
        "h5_median": 43,
        "number_rank": 7,
        "publication": "Annals of Cardiothoracic Surgery"
      },
      {
        "h5_index": 28,
        "h5_median": 37,
        "number_rank": 8,
        "publication": "Seminars in Thoracic and Cardiovascular Surgery"
      },
      {
        "h5_index": 26,
        "h5_median": 39,
        "number_rank": 9,
        "publication": "General Thoracic and Cardiovascular Surgery"
      },
      {
        "h5_index": 26,
        "h5_median": 36,
        "number_rank": 10,
        "publication": "Perfusion"
      },
      {
        "h5_index": 25,
        "h5_median": 40,
        "number_rank": 11,
        "publication": "Thoracic Surgery Clinics"
      },
      {
        "h5_index": 25,
        "h5_median": 39,
        "number_rank": 12,
        "publication": "The Thoracic and Cardiovascular Surgeon"
      },
      {
        "h5_index": 22,
        "h5_median": 27,
        "number_rank": 13,
        "publication": "Revista Brasileira de Cirurgia Cardiovascular"
      },
      {
        "h5_index": 21,
        "h5_median": 30,
        "number_rank": 14,
        "publication": "World Journal for Pediatric and Congenital Heart Surgery"
      },
      {
        "h5_index": 20,
        "h5_median": 23,
        "number_rank": 15,
        "publication": "JTCVS Techniques"
      },
      {
        "h5_index": 19,
        "h5_median": 27,
        "number_rank": 16,
        "publication": "Annals of thoracic and cardiovascular surgery"
      },
      {
        "h5_index": 19,
        "h5_median": 27,
        "number_rank": 17,
        "publication": "Scandinavian Cardiovascular Journal"
      },
      {
        "h5_index": 19,
        "h5_median": 25,
        "number_rank": 18,
        "publication": "Innovations"
      },
      {
        "h5_index": 18,
        "h5_median": 23,
        "number_rank": 19,
        "publication": "The Journal of Cardiovascular Surgery"
      },
      {
        "h5_index": 16,
        "h5_median": 25,
        "number_rank": 20,
        "publication": "Seminars in Cardiothoracic and Vascular Anesthesia"
      }
    ]
  }
]