[
  {
    "rankings": [
      {
        "h5_index": 160,
        "h5_median": 245,
        "number_rank": 1,
        "publication": "Nature Neuroscience"
      },
      {
        "h5_index": 150,
        "h5_median": 209,
        "number_rank": 2,
        "publication": "Neuron"
      },
      {
        "h5_index": 142,
        "h5_median": 253,
        "number_rank": 3,
        "publication": "The Lancet Neurology"
      },
      {
        "h5_index": 133,
        "h5_median": 184,
        "number_rank": 4,
        "publication": "NeuroImage"
      },
      {
        "h5_index": 127,
        "h5_median": 176,
        "number_rank": 5,
        "publication": "Neurology"
      },
      {
        "h5_index": 122,
        "h5_median": 190,
        "number_rank": 6,
        "publication": "JAMA Neurology"
      },
      {
        "h5_index": 120,
        "h5_median": 165,
        "number_rank": 7,
        "publication": "Brain"
      },
      {
        "h5_index": 119,
        "h5_median": 164,
        "number_rank": 8,
        "publication": "Frontiers in Neuroscience"
      },
      {
        "h5_index": 111,
        "h5_median": 211,
        "number_rank": 9,
        "publication": "Nature Reviews Neuroscience"
      },
      {
        "h5_index": 106,
        "h5_median": 143,
        "number_rank": 10,
        "publication": "Neuroscience & Biobehavioral Reviews"
      },
      {
        "h5_index": 105,
        "h5_median": 203,
        "number_rank": 11,
        "publication": "Nature Reviews Neurology"
      },
      {
        "h5_index": 103,
        "h5_median": 134,
        "number_rank": 12,
        "publication": "Journal of Neuroinflammation"
      },
      {
        "h5_index": 100,
        "h5_median": 130,
        "number_rank": 13,
        "publication": "Frontiers in Neurology"
      },
      {
        "h5_index": 95,
        "h5_median": 119,
        "number_rank": 14,
        "publication": "Journal of Neuroscience"
      },
      {
        "h5_index": 93,
        "h5_median": 127,
        "number_rank": 15,
        "publication": "Annals of Neurology"
      },
      {
        "h5_index": 89,
        "h5_median": 130,
        "number_rank": 16,
        "publication": "Acta Neuropathologica"
      },
      {
        "h5_index": 86,
        "h5_median": 147,
        "number_rank": 17,
        "publication": "Trends in Neurosciences"
      },
      {
        "h5_index": 84,
        "h5_median": 125,
        "number_rank": 18,
        "publication": "Journal of Neurology, Neurosurgery & Psychiatry"
      },
      {
        "h5_index": 84,
        "h5_median": 118,
        "number_rank": 19,
        "publication": "Movement Disorders"
      },
      {
        "h5_index": 83,
        "h5_median": 133,
        "number_rank": 20,
        "publication": "Journal of Neurology"
      }
    ]
  }
]