[
  {
    "rankings": [
      {
        "h5_index": 92,
        "h5_median": 133,
        "number_rank": 1,
        "publication": "Marine Drugs"
      },
      {
        "h5_index": 84,
        "h5_median": 121,
        "number_rank": 2,
        "publication": "Phytotherapy Research"
      },
      {
        "h5_index": 84,
        "h5_median": 101,
        "number_rank": 3,
        "publication": "Journal of Ethnopharmacology"
      },
      {
        "h5_index": 79,
        "h5_median": 103,
        "number_rank": 4,
        "publication": "Phytomedicine"
      },
      {
        "h5_index": 71,
        "h5_median": 103,
        "number_rank": 5,
        "publication": "Natural Products Reports"
      },
      {
        "h5_index": 48,
        "h5_median": 61,
        "number_rank": 6,
        "publication": "Natural Product Research"
      },
      {
        "h5_index": 47,
        "h5_median": 63,
        "number_rank": 7,
        "publication": "Journal of Natural Products"
      },
      {
        "h5_index": 42,
        "h5_median": 60,
        "number_rank": 8,
        "publication": "Fitoterapia"
      },
      {
        "h5_index": 40,
        "h5_median": 52,
        "number_rank": 9,
        "publication": "Pharmaceutical Biology"
      },
      {
        "h5_index": 39,
        "h5_median": 51,
        "number_rank": 10,
        "publication": "Planta Medica"
      },
      {
        "h5_index": 37,
        "h5_median": 51,
        "number_rank": 11,
        "publication": "Chemistry & Biodiversity"
      },
      {
        "h5_index": 36,
        "h5_median": 47,
        "number_rank": 12,
        "publication": "Chinese Journal of Natural Medicines"
      },
      {
        "h5_index": 33,
        "h5_median": 46,
        "number_rank": 13,
        "publication": "Journal of Medicinal Food"
      },
      {
        "h5_index": 32,
        "h5_median": 45,
        "number_rank": 14,
        "publication": "Natural Product Communications"
      },
      {
        "h5_index": 32,
        "h5_median": 40,
        "number_rank": 15,
        "publication": "Revista Brasileira de Farmacognosia"
      },
      {
        "h5_index": 31,
        "h5_median": 42,
        "number_rank": 16,
        "publication": "Phytochemical Analysis"
      },
      {
        "h5_index": 30,
        "h5_median": 40,
        "number_rank": 17,
        "publication": "Journal of Dietary Supplements"
      },
      {
        "h5_index": 29,
        "h5_median": 54,
        "number_rank": 18,
        "publication": "Natural Products and Bioprospecting"
      },
      {
        "h5_index": 29,
        "h5_median": 40,
        "number_rank": 19,
        "publication": "Journal of Essential Oil Bearing Plants"
      },
      {
        "h5_index": 28,
        "h5_median": 37,
        "number_rank": 20,
        "publication": "Avicenna Journal of Phytomedicine"
      }
    ]
  }
]