[
  {
    "rankings": [
      {
        "h5_index": 104,
        "h5_median": 144,
        "number_rank": 1,
        "publication": "Stroke"
      },
      {
        "h5_index": 101,
        "h5_median": 131,
        "number_rank": 2,
        "publication": "Journal of the American Heart Association"
      },
      {
        "h5_index": 93,
        "h5_median": 130,
        "number_rank": 3,
        "publication": "Hypertension"
      },
      {
        "h5_index": 88,
        "h5_median": 131,
        "number_rank": 4,
        "publication": "Arteriosclerosis, Thrombosis, and Vascular Biology"
      },
      {
        "h5_index": 86,
        "h5_median": 120,
        "number_rank": 5,
        "publication": "Cardiovascular Diabetology"
      },
      {
        "h5_index": 73,
        "h5_median": 104,
        "number_rank": 6,
        "publication": "Journal of Vascular Surgery"
      },
      {
        "h5_index": 65,
        "h5_median": 94,
        "number_rank": 7,
        "publication": "Journal of NeuroInterventional Surgery"
      },
      {
        "h5_index": 65,
        "h5_median": 89,
        "number_rank": 8,
        "publication": "Atherosclerosis"
      },
      {
        "h5_index": 62,
        "h5_median": 77,
        "number_rank": 9,
        "publication": "Journal of cerebral blood flow and metabolism"
      },
      {
        "h5_index": 59,
        "h5_median": 104,
        "number_rank": 10,
        "publication": "International Journal of Stroke"
      },
      {
        "h5_index": 58,
        "h5_median": 91,
        "number_rank": 11,
        "publication": "Journal of Hypertension"
      },
      {
        "h5_index": 55,
        "h5_median": 70,
        "number_rank": 12,
        "publication": "Journal of stroke and cerebrovascular diseases"
      },
      {
        "h5_index": 53,
        "h5_median": 73,
        "number_rank": 13,
        "publication": "Nutrition, Metabolism and Cardiovascular Diseases"
      },
      {
        "h5_index": 49,
        "h5_median": 59,
        "number_rank": 14,
        "publication": "European journal of vascular and endovascular surgery"
      },
      {
        "h5_index": 48,
        "h5_median": 71,
        "number_rank": 15,
        "publication": "The Journal of Clinical Hypertension"
      },
      {
        "h5_index": 48,
        "h5_median": 65,
        "number_rank": 16,
        "publication": "Current Hypertension Reports"
      },
      {
        "h5_index": 47,
        "h5_median": 67,
        "number_rank": 17,
        "publication": "Translational Stroke Research"
      },
      {
        "h5_index": 47,
        "h5_median": 64,
        "number_rank": 18,
        "publication": "Current Atherosclerosis Reports"
      },
      {
        "h5_index": 46,
        "h5_median": 70,
        "number_rank": 19,
        "publication": "Hypertension Research"
      },
      {
        "h5_index": 45,
        "h5_median": 59,
        "number_rank": 20,
        "publication": "Neurocritical Care"
      }
    ]
  }
]