[
  {
    "rankings": [
      {
        "h5_index": 47,
        "h5_median": 61,
        "number_rank": 1,
        "publication": "International Journal of Oral and Maxillofacial Surgery"
      },
      {
        "h5_index": 46,
        "h5_median": 62,
        "number_rank": 2,
        "publication": "Clinical Implant Dentistry and Related Research"
      },
      {
        "h5_index": 40,
        "h5_median": 53,
        "number_rank": 3,
        "publication": "Journal of Oral and Maxillofacial Surgery"
      },
      {
        "h5_index": 39,
        "h5_median": 57,
        "number_rank": 4,
        "publication": "Progress in Orthodontics"
      },
      {
        "h5_index": 39,
        "h5_median": 54,
        "number_rank": 5,
        "publication": "International Journal of Oral & Maxillofacial Implants"
      },
      {
        "h5_index": 38,
        "h5_median": 62,
        "number_rank": 6,
        "publication": "Journal of Oral Biology and Craniofacial Research"
      },
      {
        "h5_index": 38,
        "h5_median": 59,
        "number_rank": 7,
        "publication": "Oral Surgery, Oral Medicine, Oral Pathology and Oral Radiology"
      },
      {
        "h5_index": 38,
        "h5_median": 54,
        "number_rank": 8,
        "publication": "Medicina Oral, Patologia Oral y Cirugia Bucal"
      },
      {
        "h5_index": 37,
        "h5_median": 54,
        "number_rank": 9,
        "publication": "Journal of Cranio-Maxillofacial Surgery"
      },
      {
        "h5_index": 36,
        "h5_median": 50,
        "number_rank": 10,
        "publication": "British Journal of Oral and Maxillofacial Surgery"
      },
      {
        "h5_index": 36,
        "h5_median": 43,
        "number_rank": 11,
        "publication": "Journal of Craniofacial Surgery"
      },
      {
        "h5_index": 34,
        "h5_median": 54,
        "number_rank": 12,
        "publication": "International Journal of Implant Dentistry"
      },
      {
        "h5_index": 33,
        "h5_median": 55,
        "number_rank": 13,
        "publication": "Dentomaxillofacial Radiology"
      },
      {
        "h5_index": 32,
        "h5_median": 48,
        "number_rank": 14,
        "publication": "Journal of Stomatology, Oral and Maxillofacial Surgery"
      },
      {
        "h5_index": 32,
        "h5_median": 44,
        "number_rank": 15,
        "publication": "CRANIO: The Journal of Craniomandibular & Sleep Practice"
      },
      {
        "h5_index": 31,
        "h5_median": 55,
        "number_rank": 16,
        "publication": "Oral and Maxillofacial Surgery Clinics"
      },
      {
        "h5_index": 28,
        "h5_median": 33,
        "number_rank": 17,
        "publication": "The Cleft palate-craniofacial journal"
      },
      {
        "h5_index": 26,
        "h5_median": 38,
        "number_rank": 18,
        "publication": "Journal of Oral and Maxillofacial Pathology"
      },
      {
        "h5_index": 26,
        "h5_median": 33,
        "number_rank": 19,
        "publication": "Head & Face Medicine"
      },
      {
        "h5_index": 24,
        "h5_median": 41,
        "number_rank": 20,
        "publication": "Journal of Maxillofacial and Oral Surgery"
      }
    ]
  }
]