[
  {
    "rankings": [
      {
        "h5_index": 86,
        "h5_median": 131,
        "number_rank": 1,
        "publication": "International Journal of Nursing Studies"
      },
      {
        "h5_index": 84,
        "h5_median": 128,
        "number_rank": 2,
        "publication": "Journal of Clinical Nursing"
      },
      {
        "h5_index": 77,
        "h5_median": 112,
        "number_rank": 3,
        "publication": "Journal of Nursing Management"
      },
      {
        "h5_index": 75,
        "h5_median": 107,
        "number_rank": 4,
        "publication": "Nurse Education Today"
      },
      {
        "h5_index": 68,
        "h5_median": 97,
        "number_rank": 5,
        "publication": "Journal of Advanced Nursing"
      },
      {
        "h5_index": 62,
        "h5_median": 89,
        "number_rank": 6,
        "publication": "Nurse Education in Practice"
      },
      {
        "h5_index": 61,
        "h5_median": 89,
        "number_rank": 7,
        "publication": "Nursing Ethics"
      },
      {
        "h5_index": 60,
        "h5_median": 94,
        "number_rank": 8,
        "publication": "BMC Nursing"
      },
      {
        "h5_index": 56,
        "h5_median": 81,
        "number_rank": 9,
        "publication": "International Journal of Mental Health Nursing"
      },
      {
        "h5_index": 54,
        "h5_median": 79,
        "number_rank": 10,
        "publication": "Nursing Open"
      },
      {
        "h5_index": 51,
        "h5_median": 65,
        "number_rank": 11,
        "publication": "Revista Brasileira de Enfermagem"
      },
      {
        "h5_index": 47,
        "h5_median": 65,
        "number_rank": 12,
        "publication": "Journal of Pediatric Nursing"
      },
      {
        "h5_index": 46,
        "h5_median": 77,
        "number_rank": 13,
        "publication": "Perspectives in Psychiatric Care"
      },
      {
        "h5_index": 45,
        "h5_median": 70,
        "number_rank": 14,
        "publication": "International Nursing Review"
      },
      {
        "h5_index": 45,
        "h5_median": 66,
        "number_rank": 15,
        "publication": "Intensive & critical care nursing"
      },
      {
        "h5_index": 45,
        "h5_median": 56,
        "number_rank": 16,
        "publication": "Revista Latino-Americana de Enfermagem"
      },
      {
        "h5_index": 44,
        "h5_median": 82,
        "number_rank": 17,
        "publication": "International Journal of Nursing Sciences"
      },
      {
        "h5_index": 44,
        "h5_median": 59,
        "number_rank": 18,
        "publication": "Scandinavian Journal of Caring Sciences"
      },
      {
        "h5_index": 43,
        "h5_median": 60,
        "number_rank": 19,
        "publication": "Journal of Nursing Scholarship"
      },
      {
        "h5_index": 43,
        "h5_median": 60,
        "number_rank": 20,
        "publication": "Journal of Professional Nursing"
      }
    ]
  }
]