[
  {
    "rankings": [
      {
        "h5_index": 94,
        "h5_median": 198,
        "number_rank": 1,
        "publication": "Obstetric Anesthesia Digest"
      },
      {
        "h5_index": 89,
        "h5_median": 126,
        "number_rank": 2,
        "publication": "British Journal of Anaesthesia"
      },
      {
        "h5_index": 85,
        "h5_median": 127,
        "number_rank": 3,
        "publication": "Anaesthesia"
      },
      {
        "h5_index": 80,
        "h5_median": 112,
        "number_rank": 4,
        "publication": "Anesthesia and Analgesia"
      },
      {
        "h5_index": 79,
        "h5_median": 113,
        "number_rank": 5,
        "publication": "Anesthesiology"
      },
      {
        "h5_index": 56,
        "h5_median": 77,
        "number_rank": 6,
        "publication": "Regional Anesthesia & Pain Medicine"
      },
      {
        "h5_index": 54,
        "h5_median": 79,
        "number_rank": 7,
        "publication": "Journal of Cardiothoracic and Vascular Anesthesia"
      },
      {
        "h5_index": 47,
        "h5_median": 73,
        "number_rank": 8,
        "publication": "Canadian Journal of Anesthesia"
      },
      {
        "h5_index": 46,
        "h5_median": 65,
        "number_rank": 9,
        "publication": "Journal of Clinical Anesthesia"
      },
      {
        "h5_index": 43,
        "h5_median": 57,
        "number_rank": 10,
        "publication": "Anaesthesia Critical Care & Pain Medicine"
      },
      {
        "h5_index": 42,
        "h5_median": 54,
        "number_rank": 11,
        "publication": "BMC Anesthesiology"
      },
      {
        "h5_index": 40,
        "h5_median": 56,
        "number_rank": 12,
        "publication": "European Journal of Anaesthesiology| EJA"
      },
      {
        "h5_index": 38,
        "h5_median": 57,
        "number_rank": 13,
        "publication": "Current Opinion in Anesthesiology"
      },
      {
        "h5_index": 37,
        "h5_median": 55,
        "number_rank": 14,
        "publication": "Best Practice & Research Clinical Anaesthesiology"
      },
      {
        "h5_index": 36,
        "h5_median": 50,
        "number_rank": 15,
        "publication": "Acta Anaesthesiologica Scandinavica"
      },
      {
        "h5_index": 35,
        "h5_median": 60,
        "number_rank": 16,
        "publication": "Indian Journal of Anaesthesia"
      },
      {
        "h5_index": 35,
        "h5_median": 46,
        "number_rank": 17,
        "publication": "Journal of Clinical Monitoring and Computing"
      },
      {
        "h5_index": 35,
        "h5_median": 44,
        "number_rank": 18,
        "publication": "Pediatric Anesthesia"
      },
      {
        "h5_index": 34,
        "h5_median": 68,
        "number_rank": 19,
        "publication": "Korean Journal of Anesthesiology"
      },
      {
        "h5_index": 32,
        "h5_median": 45,
        "number_rank": 20,
        "publication": "Journal of Anesthesia"
      }
    ]
  }
]