[
  {
    "rankings": [
      {
        "h5_index": 92,
        "h5_median": 152,
        "number_rank": 1,
        "publication": "International Journal of Mental Health and Addiction"
      },
      {
        "h5_index": 77,
        "h5_median": 105,
        "number_rank": 2,
        "publication": "Drug and Alcohol Dependence"
      },
      {
        "h5_index": 75,
        "h5_median": 117,
        "number_rank": 3,
        "publication": "Addictive Behaviors"
      },
      {
        "h5_index": 73,
        "h5_median": 112,
        "number_rank": 4,
        "publication": "Addiction"
      },
      {
        "h5_index": 66,
        "h5_median": 89,
        "number_rank": 5,
        "publication": "International Journal of Drug Policy"
      },
      {
        "h5_index": 65,
        "h5_median": 95,
        "number_rank": 6,
        "publication": "Nicotine and Tobacco Research"
      },
      {
        "h5_index": 57,
        "h5_median": 83,
        "number_rank": 7,
        "publication": "Journal of Behavioral Addictions"
      },
      {
        "h5_index": 50,
        "h5_median": 78,
        "number_rank": 8,
        "publication": "Alcoholism-Clinical and Experimental Research"
      },
      {
        "h5_index": 49,
        "h5_median": 70,
        "number_rank": 9,
        "publication": "Journal of Substance Abuse Treatment"
      },
      {
        "h5_index": 46,
        "h5_median": 69,
        "number_rank": 10,
        "publication": "Harm Reduction Journal"
      },
      {
        "h5_index": 42,
        "h5_median": 65,
        "number_rank": 11,
        "publication": "Addictive Behaviors Reports"
      },
      {
        "h5_index": 42,
        "h5_median": 58,
        "number_rank": 12,
        "publication": "Journal of Addiction Medicine"
      },
      {
        "h5_index": 42,
        "h5_median": 55,
        "number_rank": 13,
        "publication": "Addiction Biology"
      },
      {
        "h5_index": 40,
        "h5_median": 60,
        "number_rank": 14,
        "publication": "Drug and Alcohol Review"
      },
      {
        "h5_index": 39,
        "h5_median": 67,
        "number_rank": 15,
        "publication": "Current Addiction Reports"
      },
      {
        "h5_index": 39,
        "h5_median": 55,
        "number_rank": 16,
        "publication": "Substance Abuse Treatment, Prevention, and Policy"
      },
      {
        "h5_index": 38,
        "h5_median": 55,
        "number_rank": 17,
        "publication": "Substance Abuse"
      },
      {
        "h5_index": 37,
        "h5_median": 49,
        "number_rank": 18,
        "publication": "Substance Use & Misuse"
      },
      {
        "h5_index": 36,
        "h5_median": 63,
        "number_rank": 19,
        "publication": "Alcohol and Alcoholism"
      },
      {
        "h5_index": 34,
        "h5_median": 49,
        "number_rank": 20,
        "publication": "Journal of Studies on Alcohol and Drugs"
      }
    ]
  }
]