[
  {
    "rankings": [
      {
        "h5_index": 207,
        "h5_median": 302,
        "number_rank": 1,
        "publication": "Nutrients"
      },
      {
        "h5_index": 139,
        "h5_median": 184,
        "number_rank": 2,
        "publication": "Critical Reviews in Food Science and Nutrition"
      },
      {
        "h5_index": 100,
        "h5_median": 159,
        "number_rank": 3,
        "publication": "Clinical Nutrition"
      },
      {
        "h5_index": 91,
        "h5_median": 139,
        "number_rank": 4,
        "publication": "Frontiers in Nutrition"
      },
      {
        "h5_index": 87,
        "h5_median": 118,
        "number_rank": 5,
        "publication": "The American Journal of Clinical Nutrition"
      },
      {
        "h5_index": 84,
        "h5_median": 116,
        "number_rank": 6,
        "publication": "Journal of Functional Foods"
      },
      {
        "h5_index": 83,
        "h5_median": 126,
        "number_rank": 7,
        "publication": "Advances in Nutrition"
      },
      {
        "h5_index": 73,
        "h5_median": 94,
        "number_rank": 8,
        "publication": "European Journal of Nutrition"
      },
      {
        "h5_index": 68,
        "h5_median": 99,
        "number_rank": 9,
        "publication": "Nutrition"
      },
      {
        "h5_index": 68,
        "h5_median": 89,
        "number_rank": 10,
        "publication": "Food Science & Nutrition"
      },
      {
        "h5_index": 64,
        "h5_median": 96,
        "number_rank": 11,
        "publication": "Nutrition Reviews"
      },
      {
        "h5_index": 63,
        "h5_median": 80,
        "number_rank": 12,
        "publication": "Public Health Nutrition"
      },
      {
        "h5_index": 62,
        "h5_median": 94,
        "number_rank": 13,
        "publication": "European Journal of Clinical Nutrition"
      },
      {
        "h5_index": 62,
        "h5_median": 87,
        "number_rank": 14,
        "publication": "Molecular Nutrition & Food Research"
      },
      {
        "h5_index": 61,
        "h5_median": 92,
        "number_rank": 15,
        "publication": "Food Reviews International"
      },
      {
        "h5_index": 61,
        "h5_median": 85,
        "number_rank": 16,
        "publication": "The Journal of Nutrition"
      },
      {
        "h5_index": 58,
        "h5_median": 85,
        "number_rank": 17,
        "publication": "The Journal of Nutritional Biochemistry"
      },
      {
        "h5_index": 54,
        "h5_median": 74,
        "number_rank": 18,
        "publication": "Journal of the Academy of Nutrition and Dietetics"
      },
      {
        "h5_index": 54,
        "h5_median": 68,
        "number_rank": 19,
        "publication": "Maternal & Child Nutrition"
      },
      {
        "h5_index": 53,
        "h5_median": 79,
        "number_rank": 20,
        "publication": "British Journal of Nutrition"
      }
    ]
  }
]