[
  {
    "rankings": [
      {
        "h5_index": 174,
        "h5_median": 279,
        "number_rank": 1,
        "publication": "Gastroenterology"
      },
      {
        "h5_index": 171,
        "h5_median": 263,
        "number_rank": 2,
        "publication": "Gut"
      },
      {
        "h5_index": 151,
        "h5_median": 243,
        "number_rank": 3,
        "publication": "Journal of Hepatology"
      },
      {
        "h5_index": 134,
        "h5_median": 198,
        "number_rank": 4,
        "publication": "Hepatology"
      },
      {
        "h5_index": 121,
        "h5_median": 256,
        "number_rank": 5,
        "publication": "Nature Reviews Gastroenterology & Hepatology"
      },
      {
        "h5_index": 113,
        "h5_median": 190,
        "number_rank": 6,
        "publication": "The Lancet Gastroenterology & Hepatology"
      },
      {
        "h5_index": 103,
        "h5_median": 157,
        "number_rank": 7,
        "publication": "Clinical gastroenterology and hepatology"
      },
      {
        "h5_index": 90,
        "h5_median": 134,
        "number_rank": 8,
        "publication": "Gut Microbes"
      },
      {
        "h5_index": 87,
        "h5_median": 134,
        "number_rank": 9,
        "publication": "World Journal of Gastroenterology"
      },
      {
        "h5_index": 81,
        "h5_median": 148,
        "number_rank": 10,
        "publication": "American Journal of Gastroenterology"
      },
      {
        "h5_index": 80,
        "h5_median": 116,
        "number_rank": 11,
        "publication": "Gastrointestinal Endoscopy"
      },
      {
        "h5_index": 78,
        "h5_median": 101,
        "number_rank": 12,
        "publication": "Alimentary Pharmacology & Therapeutics"
      },
      {
        "h5_index": 76,
        "h5_median": 106,
        "number_rank": 13,
        "publication": "Liver International"
      },
      {
        "h5_index": 69,
        "h5_median": 106,
        "number_rank": 14,
        "publication": "Endoscopy"
      },
      {
        "h5_index": 68,
        "h5_median": 94,
        "number_rank": 15,
        "publication": "Journal of Crohn's and Colitis"
      },
      {
        "h5_index": 64,
        "h5_median": 89,
        "number_rank": 16,
        "publication": "Inflammatory Bowel Diseases"
      },
      {
        "h5_index": 58,
        "h5_median": 83,
        "number_rank": 17,
        "publication": "Journal of Gastroenterology and Hepatology"
      },
      {
        "h5_index": 58,
        "h5_median": 81,
        "number_rank": 18,
        "publication": "Digestive Diseases and Sciences"
      },
      {
        "h5_index": 55,
        "h5_median": 87,
        "number_rank": 19,
        "publication": "JHEP Reports"
      },
      {
        "h5_index": 55,
        "h5_median": 76,
        "number_rank": 20,
        "publication": "Cellular and Molecular Gastroenterology and Hepatology"
      }
    ]
  }
]