[
  {
    "rankings": [
      {
        "h5_index": 73,
        "h5_median": 100,
        "number_rank": 1,
        "publication": "IEEE Transactions on Neural Systems and Rehabilitation Engineering"
      },
      {
        "h5_index": 63,
        "h5_median": 82,
        "number_rank": 2,
        "publication": "Disability and Rehabilitation"
      },
      {
        "h5_index": 61,
        "h5_median": 89,
        "number_rank": 3,
        "publication": "Journal of NeuroEngineering and Rehabilitation"
      },
      {
        "h5_index": 60,
        "h5_median": 80,
        "number_rank": 4,
        "publication": "Archives of Physical Medicine and Rehabilitation"
      },
      {
        "h5_index": 47,
        "h5_median": 58,
        "number_rank": 5,
        "publication": "Clinical Rehabilitation"
      },
      {
        "h5_index": 45,
        "h5_median": 66,
        "number_rank": 6,
        "publication": "European Journal of Physical and Rehabilitation Medicine"
      },
      {
        "h5_index": 45,
        "h5_median": 56,
        "number_rank": 7,
        "publication": "Neurorehabilitation and Neural Repair"
      },
      {
        "h5_index": 44,
        "h5_median": 63,
        "number_rank": 8,
        "publication": "American Journal of Physical Medicine & Rehabilitation"
      },
      {
        "h5_index": 43,
        "h5_median": 75,
        "number_rank": 9,
        "publication": "Annals of Physical and Rehabilitation Medicine"
      },
      {
        "h5_index": 43,
        "h5_median": 63,
        "number_rank": 10,
        "publication": "Disability and Rehabilitation: Assistive Technology"
      },
      {
        "h5_index": 41,
        "h5_median": 57,
        "number_rank": 11,
        "publication": "Neuropsychological Rehabilitation"
      },
      {
        "h5_index": 39,
        "h5_median": 60,
        "number_rank": 12,
        "publication": "PM&R"
      },
      {
        "h5_index": 38,
        "h5_median": 52,
        "number_rank": 13,
        "publication": "Journal of rehabilitation medicine"
      },
      {
        "h5_index": 35,
        "h5_median": 51,
        "number_rank": 14,
        "publication": "Brain Injury"
      },
      {
        "h5_index": 33,
        "h5_median": 47,
        "number_rank": 15,
        "publication": "Spinal Cord"
      },
      {
        "h5_index": 33,
        "h5_median": 45,
        "number_rank": 16,
        "publication": "The Journal of Spinal Cord Medicine"
      },
      {
        "h5_index": 33,
        "h5_median": 42,
        "number_rank": 17,
        "publication": "The Journal of Head Trauma Rehabilitation"
      },
      {
        "h5_index": 32,
        "h5_median": 45,
        "number_rank": 18,
        "publication": "NeuroRehabilitation"
      },
      {
        "h5_index": 32,
        "h5_median": 44,
        "number_rank": 19,
        "publication": "Journal of Back and Musculoskeletal Rehabilitation"
      },
      {
        "h5_index": 30,
        "h5_median": 44,
        "number_rank": 20,
        "publication": "Topics in Stroke Rehabilitation"
      }
    ]
  }
]