[
  {
    "rankings": [
      {
        "h5_index": 89,
        "h5_median": 137,
        "number_rank": 1,
        "publication": "Journal of Autism and Developmental Disorders"
      },
      {
        "h5_index": 83,
        "h5_median": 131,
        "number_rank": 2,
        "publication": "Autism"
      },
      {
        "h5_index": 63,
        "h5_median": 87,
        "number_rank": 3,
        "publication": "Autism Research"
      },
      {
        "h5_index": 49,
        "h5_median": 71,
        "number_rank": 4,
        "publication": "Research in Developmental Disabilities"
      },
      {
        "h5_index": 46,
        "h5_median": 71,
        "number_rank": 5,
        "publication": "Molecular Autism"
      },
      {
        "h5_index": 45,
        "h5_median": 69,
        "number_rank": 6,
        "publication": "Research in Autism Spectrum Disorders"
      },
      {
        "h5_index": 43,
        "h5_median": 67,
        "number_rank": 7,
        "publication": "Autism in Adulthood"
      },
      {
        "h5_index": 42,
        "h5_median": 62,
        "number_rank": 8,
        "publication": "Journal of Applied Research in Intellectual Disabilities"
      },
      {
        "h5_index": 39,
        "h5_median": 59,
        "number_rank": 9,
        "publication": "Journal of Intellectual Disability Research"
      },
      {
        "h5_index": 36,
        "h5_median": 56,
        "number_rank": 10,
        "publication": "Journal of Learning Disabilities"
      },
      {
        "h5_index": 36,
        "h5_median": 50,
        "number_rank": 11,
        "publication": "Journal of Neurodevelopmental Disorders"
      },
      {
        "h5_index": 35,
        "h5_median": 53,
        "number_rank": 12,
        "publication": "Review Journal of Autism and Developmental Disorders"
      },
      {
        "h5_index": 33,
        "h5_median": 45,
        "number_rank": 13,
        "publication": "International Journal of Disability, Development and Education"
      },
      {
        "h5_index": 32,
        "h5_median": 47,
        "number_rank": 14,
        "publication": "International Journal of Developmental Disabilities"
      },
      {
        "h5_index": 28,
        "h5_median": 40,
        "number_rank": 15,
        "publication": "Journal of Intellectual Disabilities"
      },
      {
        "h5_index": 27,
        "h5_median": 44,
        "number_rank": 16,
        "publication": "Journal of Positive Behavior Interventions"
      },
      {
        "h5_index": 27,
        "h5_median": 38,
        "number_rank": 17,
        "publication": "Intellectual and Developmental Disabilities"
      },
      {
        "h5_index": 26,
        "h5_median": 38,
        "number_rank": 18,
        "publication": "Journal of Policy and Practice in Intellectual Disabilities"
      },
      {
        "h5_index": 26,
        "h5_median": 34,
        "number_rank": 19,
        "publication": "Journal of Developmental and Physical Disabilities"
      },
      {
        "h5_index": 25,
        "h5_median": 38,
        "number_rank": 20,
        "publication": "Learning Disability Quarterly"
      }
    ]
  }
]