[
  {
    "rankings": [
      {
        "h5_index": 84,
        "h5_median": 108,
        "number_rank": 1,
        "publication": "BMC Pregnancy and Childbirth"
      },
      {
        "h5_index": 58,
        "h5_median": 79,
        "number_rank": 2,
        "publication": "The Journal of Maternal-Fetal & Neonatal Medicine"
      },
      {
        "h5_index": 56,
        "h5_median": 82,
        "number_rank": 3,
        "publication": "Women and Birth"
      },
      {
        "h5_index": 55,
        "h5_median": 80,
        "number_rank": 4,
        "publication": "Archives of Disease in Childhood-Fetal and Neonatal Edition"
      },
      {
        "h5_index": 54,
        "h5_median": 68,
        "number_rank": 5,
        "publication": "Maternal & Child Nutrition"
      },
      {
        "h5_index": 49,
        "h5_median": 67,
        "number_rank": 6,
        "publication": "Midwifery"
      },
      {
        "h5_index": 48,
        "h5_median": 66,
        "number_rank": 7,
        "publication": "Journal of Perinatology"
      },
      {
        "h5_index": 45,
        "h5_median": 78,
        "number_rank": 8,
        "publication": "American Journal of Perinatology"
      },
      {
        "h5_index": 44,
        "h5_median": 62,
        "number_rank": 9,
        "publication": "International Breastfeeding Journal"
      },
      {
        "h5_index": 43,
        "h5_median": 56,
        "number_rank": 10,
        "publication": "Seminars in Perinatology"
      },
      {
        "h5_index": 40,
        "h5_median": 58,
        "number_rank": 11,
        "publication": "Maternal and Child Health Journal"
      },
      {
        "h5_index": 36,
        "h5_median": 53,
        "number_rank": 12,
        "publication": "Journal of Reproductive and Infant Psychology"
      },
      {
        "h5_index": 36,
        "h5_median": 52,
        "number_rank": 13,
        "publication": "Breastfeeding medicine"
      },
      {
        "h5_index": 36,
        "h5_median": 50,
        "number_rank": 14,
        "publication": "Seminars in Fetal and Neonatal Medicine"
      },
      {
        "h5_index": 36,
        "h5_median": 46,
        "number_rank": 15,
        "publication": "Birth"
      },
      {
        "h5_index": 35,
        "h5_median": 54,
        "number_rank": 16,
        "publication": "Birth Defects Research"
      },
      {
        "h5_index": 35,
        "h5_median": 53,
        "number_rank": 17,
        "publication": "Journal of Perinatal Medicine"
      },
      {
        "h5_index": 34,
        "h5_median": 58,
        "number_rank": 18,
        "publication": "Journal of Human Lactation"
      },
      {
        "h5_index": 33,
        "h5_median": 42,
        "number_rank": 19,
        "publication": "Pregnancy Hypertension"
      },
      {
        "h5_index": 31,
        "h5_median": 45,
        "number_rank": 20,
        "publication": "Journal of Midwifery & Women's Health"
      }
    ]
  }
]