[
  {
    "rankings": [
      {
        "h5_index": 61,
        "h5_median": 89,
        "number_rank": 1,
        "publication": "Nursing Ethics"
      },
      {
        "h5_index": 53,
        "h5_median": 80,
        "number_rank": 2,
        "publication": "Journal of Medical Ethics"
      },
      {
        "h5_index": 48,
        "h5_median": 64,
        "number_rank": 3,
        "publication": "The American Journal of Bioethics"
      },
      {
        "h5_index": 41,
        "h5_median": 60,
        "number_rank": 4,
        "publication": "BMC Medical Ethics"
      },
      {
        "h5_index": 37,
        "h5_median": 46,
        "number_rank": 5,
        "publication": "Bioethics"
      },
      {
        "h5_index": 31,
        "h5_median": 46,
        "number_rank": 6,
        "publication": "Medicine, Health Care and Philosophy"
      },
      {
        "h5_index": 31,
        "h5_median": 43,
        "number_rank": 7,
        "publication": "Journal of Bioethical Inquiry"
      },
      {
        "h5_index": 31,
        "h5_median": 42,
        "number_rank": 8,
        "publication": "Hastings Center Report"
      },
      {
        "h5_index": 28,
        "h5_median": 42,
        "number_rank": 9,
        "publication": "Journal of Law, Medicine & Ethics"
      },
      {
        "h5_index": 25,
        "h5_median": 33,
        "number_rank": 10,
        "publication": "American Journal of Bioethics Neuroscience"
      },
      {
        "h5_index": 25,
        "h5_median": 32,
        "number_rank": 11,
        "publication": "Journal of Empirical Research on Human Research Ethics"
      },
      {
        "h5_index": 24,
        "h5_median": 44,
        "number_rank": 12,
        "publication": "Asian Bioethics Review"
      },
      {
        "h5_index": 24,
        "h5_median": 34,
        "number_rank": 13,
        "publication": "Ethics, Medicine and Public Health"
      },
      {
        "h5_index": 23,
        "h5_median": 35,
        "number_rank": 14,
        "publication": "Cambridge Quarterly of Healthcare Ethics"
      },
      {
        "h5_index": 23,
        "h5_median": 33,
        "number_rank": 15,
        "publication": "Neuroethics"
      },
      {
        "h5_index": 21,
        "h5_median": 32,
        "number_rank": 16,
        "publication": "Health Care Analysis"
      },
      {
        "h5_index": 21,
        "h5_median": 32,
        "number_rank": 17,
        "publication": "Public Health Ethics"
      },
      {
        "h5_index": 21,
        "h5_median": 31,
        "number_rank": 18,
        "publication": "The Journal of Medicine and Philosophy: A Forum for Bioethics and Philosophy of Medicine"
      },
      {
        "h5_index": 17,
        "h5_median": 31,
        "number_rank": 19,
        "publication": "Developing World Bioethics"
      },
      {
        "h5_index": 17,
        "h5_median": 26,
        "number_rank": 20,
        "publication": "HEC Forum"
      }
    ]
  }
]