[
  {
    "rankings": [
      {
        "h5_index": 209,
        "h5_median": 335,
        "number_rank": 1,
        "publication": "Circulation"
      },
      {
        "h5_index": 191,
        "h5_median": 293,
        "number_rank": 2,
        "publication": "Journal of the American College of Cardiology"
      },
      {
        "h5_index": 169,
        "h5_median": 299,
        "number_rank": 3,
        "publication": "European Heart Journal"
      },
      {
        "h5_index": 124,
        "h5_median": 211,
        "number_rank": 4,
        "publication": "Circulation Research"
      },
      {
        "h5_index": 117,
        "h5_median": 236,
        "number_rank": 5,
        "publication": "Nature Reviews Cardiology"
      },
      {
        "h5_index": 106,
        "h5_median": 160,
        "number_rank": 6,
        "publication": "JAMA Cardiology"
      },
      {
        "h5_index": 101,
        "h5_median": 165,
        "number_rank": 7,
        "publication": "European Journal of Heart Failure"
      },
      {
        "h5_index": 101,
        "h5_median": 131,
        "number_rank": 8,
        "publication": "Journal of the American Heart Association"
      },
      {
        "h5_index": 95,
        "h5_median": 132,
        "number_rank": 9,
        "publication": "JACC: Cardiovascular Imaging"
      },
      {
        "h5_index": 90,
        "h5_median": 135,
        "number_rank": 10,
        "publication": "Cardiovascular Research"
      },
      {
        "h5_index": 84,
        "h5_median": 119,
        "number_rank": 11,
        "publication": "JACC: Cardiovascular Interventions"
      },
      {
        "h5_index": 77,
        "h5_median": 118,
        "number_rank": 12,
        "publication": "JACC: Heart Failure"
      },
      {
        "h5_index": 76,
        "h5_median": 108,
        "number_rank": 13,
        "publication": "Heart"
      },
      {
        "h5_index": 75,
        "h5_median": 109,
        "number_rank": 14,
        "publication": "Frontiers in Cardiovascular Medicine"
      },
      {
        "h5_index": 73,
        "h5_median": 116,
        "number_rank": 15,
        "publication": "Heart rhythm"
      },
      {
        "h5_index": 72,
        "h5_median": 114,
        "number_rank": 16,
        "publication": "European journal of cardiovascular prevention and rehabilitation"
      },
      {
        "h5_index": 69,
        "h5_median": 93,
        "number_rank": 17,
        "publication": "The Journal of Thoracic and Cardiovascular Surgery"
      },
      {
        "h5_index": 67,
        "h5_median": 103,
        "number_rank": 18,
        "publication": "The Annals of Thoracic Surgery"
      },
      {
        "h5_index": 67,
        "h5_median": 99,
        "number_rank": 19,
        "publication": "EP Europace"
      },
      {
        "h5_index": 66,
        "h5_median": 95,
        "number_rank": 20,
        "publication": "European Heart Journal-Cardiovascular Imaging"
      }
    ]
  }
]