[
  {
    "rankings": [
      {
        "h5_index": 320,
        "h5_median": 482,
        "number_rank": 1,
        "publication": "Cell"
      },
      {
        "h5_index": 233,
        "h5_median": 606,
        "number_rank": 2,
        "publication": "Nucleic Acids Research"
      },
      {
        "h5_index": 154,
        "h5_median": 208,
        "number_rank": 3,
        "publication": "Cell Reports"
      },
      {
        "h5_index": 153,
        "h5_median": 217,
        "number_rank": 4,
        "publication": "Molecular Cell"
      },
      {
        "h5_index": 146,
        "h5_median": 403,
        "number_rank": 5,
        "publication": "Nature Reviews. Molecular Cell Biology"
      },
      {
        "h5_index": 127,
        "h5_median": 175,
        "number_rank": 6,
        "publication": "Biomolecules"
      },
      {
        "h5_index": 121,
        "h5_median": 195,
        "number_rank": 7,
        "publication": "Nature Cell Biology"
      },
      {
        "h5_index": 99,
        "h5_median": 153,
        "number_rank": 8,
        "publication": "The EMBO Journal"
      },
      {
        "h5_index": 99,
        "h5_median": 135,
        "number_rank": 9,
        "publication": "Developmental Cell"
      },
      {
        "h5_index": 96,
        "h5_median": 138,
        "number_rank": 10,
        "publication": "Oncogene"
      },
      {
        "h5_index": 93,
        "h5_median": 141,
        "number_rank": 11,
        "publication": "Nature Structural & Molecular Biology"
      },
      {
        "h5_index": 87,
        "h5_median": 142,
        "number_rank": 12,
        "publication": "Journal of Biomolecular Structure and Dynamics"
      },
      {
        "h5_index": 80,
        "h5_median": 114,
        "number_rank": 13,
        "publication": "PLOS Genetics"
      },
      {
        "h5_index": 78,
        "h5_median": 118,
        "number_rank": 14,
        "publication": "Methods in Molecular Biology (Clifton, NJ)"
      },
      {
        "h5_index": 78,
        "h5_median": 112,
        "number_rank": 15,
        "publication": "FEBS Journal"
      },
      {
        "h5_index": 77,
        "h5_median": 116,
        "number_rank": 16,
        "publication": "Journal of Molecular Biology"
      },
      {
        "h5_index": 77,
        "h5_median": 96,
        "number_rank": 17,
        "publication": "EMBO Reports"
      },
      {
        "h5_index": 76,
        "h5_median": 111,
        "number_rank": 18,
        "publication": "Frontiers in Molecular Biosciences"
      },
      {
        "h5_index": 76,
        "h5_median": 110,
        "number_rank": 19,
        "publication": "Genes & Development"
      },
      {
        "h5_index": 67,
        "h5_median": 110,
        "number_rank": 20,
        "publication": "Cold Spring Harbor Perspectives in Biology"
      }
    ]
  }
]