[
  {
    "rankings": [
      {
        "h5_index": 89,
        "h5_median": 137,
        "number_rank": 1,
        "publication": "Journal of Autism and Developmental Disorders"
      },
      {
        "h5_index": 83,
        "h5_median": 131,
        "number_rank": 2,
        "publication": "Autism"
      },
      {
        "h5_index": 77,
        "h5_median": 110,
        "number_rank": 3,
        "publication": "Child Development"
      },
      {
        "h5_index": 76,
        "h5_median": 127,
        "number_rank": 4,
        "publication": "Journal of Child Psychology and Psychiatry"
      },
      {
        "h5_index": 74,
        "h5_median": 118,
        "number_rank": 5,
        "publication": "European Child & Adolescent Psychiatry"
      },
      {
        "h5_index": 64,
        "h5_median": 98,
        "number_rank": 6,
        "publication": "Journal of Youth and Adolescence"
      },
      {
        "h5_index": 61,
        "h5_median": 89,
        "number_rank": 7,
        "publication": "Developmental Psychology"
      },
      {
        "h5_index": 61,
        "h5_median": 75,
        "number_rank": 8,
        "publication": "Developmental Science"
      },
      {
        "h5_index": 55,
        "h5_median": 78,
        "number_rank": 9,
        "publication": "Development and Psychopathology"
      },
      {
        "h5_index": 54,
        "h5_median": 83,
        "number_rank": 10,
        "publication": "Journal of Attention Disorders"
      },
      {
        "h5_index": 53,
        "h5_median": 79,
        "number_rank": 11,
        "publication": "Journal of Clinical Child & Adolescent Psychology"
      },
      {
        "h5_index": 51,
        "h5_median": 80,
        "number_rank": 12,
        "publication": "Developmental Cognitive Neuroscience"
      },
      {
        "h5_index": 51,
        "h5_median": 78,
        "number_rank": 13,
        "publication": "Research on Child and Adolescent Psychopathology"
      },
      {
        "h5_index": 48,
        "h5_median": 80,
        "number_rank": 14,
        "publication": "Journal of Research on Adolescence"
      },
      {
        "h5_index": 45,
        "h5_median": 69,
        "number_rank": 15,
        "publication": "Research in Autism Spectrum Disorders"
      },
      {
        "h5_index": 45,
        "h5_median": 65,
        "number_rank": 16,
        "publication": "Journal of Applied Developmental Psychology"
      },
      {
        "h5_index": 44,
        "h5_median": 73,
        "number_rank": 17,
        "publication": "Child Development Perspectives"
      },
      {
        "h5_index": 44,
        "h5_median": 59,
        "number_rank": 18,
        "publication": "Early Child Development and Care"
      },
      {
        "h5_index": 43,
        "h5_median": 83,
        "number_rank": 19,
        "publication": "Clinical Child and Family Psychology Review"
      },
      {
        "h5_index": 43,
        "h5_median": 58,
        "number_rank": 20,
        "publication": "Journal of Family Psychology"
      }
    ]
  }
]