[
  {
    "rankings": [
      {
        "h5_index": 124,
        "h5_median": 200,
        "number_rank": 1,
        "publication": "Pediatrics"
      },
      {
        "h5_index": 108,
        "h5_median": 180,
        "number_rank": 2,
        "publication": "JAMA Pediatrics"
      },
      {
        "h5_index": 74,
        "h5_median": 100,
        "number_rank": 3,
        "publication": "Frontiers in Pediatrics"
      },
      {
        "h5_index": 71,
        "h5_median": 101,
        "number_rank": 4,
        "publication": "The Journal of Pediatrics"
      },
      {
        "h5_index": 64,
        "h5_median": 83,
        "number_rank": 5,
        "publication": "Pediatric Research"
      },
      {
        "h5_index": 61,
        "h5_median": 103,
        "number_rank": 6,
        "publication": "Archives of Disease in Childhood"
      },
      {
        "h5_index": 60,
        "h5_median": 84,
        "number_rank": 7,
        "publication": "BMC Pediatrics"
      },
      {
        "h5_index": 59,
        "h5_median": 76,
        "number_rank": 8,
        "publication": "Developmental Medicine & Child Neurology"
      },
      {
        "h5_index": 57,
        "h5_median": 85,
        "number_rank": 9,
        "publication": "European Journal of Pediatrics"
      },
      {
        "h5_index": 57,
        "h5_median": 74,
        "number_rank": 10,
        "publication": "Children"
      },
      {
        "h5_index": 56,
        "h5_median": 76,
        "number_rank": 11,
        "publication": "Acta Paediatrica"
      },
      {
        "h5_index": 55,
        "h5_median": 80,
        "number_rank": 12,
        "publication": "Archives of Disease in Childhood-Fetal and Neonatal Edition"
      },
      {
        "h5_index": 53,
        "h5_median": 72,
        "number_rank": 13,
        "publication": "Pediatric Nephrology"
      },
      {
        "h5_index": 52,
        "h5_median": 82,
        "number_rank": 14,
        "publication": "The Pediatric Infectious Disease Journal"
      },
      {
        "h5_index": 52,
        "h5_median": 78,
        "number_rank": 15,
        "publication": "Pediatric Pulmonology"
      },
      {
        "h5_index": 51,
        "h5_median": 72,
        "number_rank": 16,
        "publication": "Jornal de Pediatria (Rio J.)"
      },
      {
        "h5_index": 50,
        "h5_median": 77,
        "number_rank": 17,
        "publication": "Journal of Pediatric Gastroenterology and Nutrition"
      },
      {
        "h5_index": 50,
        "h5_median": 66,
        "number_rank": 18,
        "publication": "Journal of Pediatric Surgery"
      },
      {
        "h5_index": 49,
        "h5_median": 70,
        "number_rank": 19,
        "publication": "Italian Journal of Pediatrics"
      },
      {
        "h5_index": 45,
        "h5_median": 78,
        "number_rank": 20,
        "publication": "American Journal of Perinatology"
      }
    ]
  }
]