[
  {
    "rankings": [
      {
        "h5_index": 119,
        "h5_median": 230,
        "number_rank": 1,
        "publication": "Obstetrical & Gynecological Survey"
      },
      {
        "h5_index": 110,
        "h5_median": 181,
        "number_rank": 2,
        "publication": "American Journal of Obstetrics & Gynecology"
      },
      {
        "h5_index": 94,
        "h5_median": 198,
        "number_rank": 3,
        "publication": "Obstetric Anesthesia Digest"
      },
      {
        "h5_index": 77,
        "h5_median": 105,
        "number_rank": 4,
        "publication": "Obstetrics & Gynecology"
      },
      {
        "h5_index": 72,
        "h5_median": 113,
        "number_rank": 5,
        "publication": "BJOG:An International Journal of Obstetrics and Gynaecology"
      },
      {
        "h5_index": 70,
        "h5_median": 113,
        "number_rank": 6,
        "publication": "Human Reproduction Update"
      },
      {
        "h5_index": 70,
        "h5_median": 106,
        "number_rank": 7,
        "publication": "Ultrasound in Obstetrics & Gynecology"
      },
      {
        "h5_index": 67,
        "h5_median": 85,
        "number_rank": 8,
        "publication": "Gynecologic Oncology"
      },
      {
        "h5_index": 64,
        "h5_median": 124,
        "number_rank": 9,
        "publication": "International journal of gynaecology and obstetrics"
      },
      {
        "h5_index": 58,
        "h5_median": 79,
        "number_rank": 10,
        "publication": "The Journal of Maternal-Fetal & Neonatal Medicine"
      },
      {
        "h5_index": 57,
        "h5_median": 83,
        "number_rank": 11,
        "publication": "International Journal of Gynecologic Cancer"
      },
      {
        "h5_index": 57,
        "h5_median": 74,
        "number_rank": 12,
        "publication": "European Journal of Obstetrics & Gynecology and Reproductive Biology"
      },
      {
        "h5_index": 54,
        "h5_median": 78,
        "number_rank": 13,
        "publication": "Acta Obstetricia et Gynecologica Scandinavica"
      },
      {
        "h5_index": 52,
        "h5_median": 67,
        "number_rank": 14,
        "publication": "Archives of Gynecology and Obstetrics"
      },
      {
        "h5_index": 50,
        "h5_median": 83,
        "number_rank": 15,
        "publication": "Best Practice & Research Clinical Obstetrics & Gynaecology"
      },
      {
        "h5_index": 46,
        "h5_median": 63,
        "number_rank": 16,
        "publication": "Journal of Minimally Invasive Gynecology"
      },
      {
        "h5_index": 46,
        "h5_median": 61,
        "number_rank": 17,
        "publication": "Reproductive Sciences"
      },
      {
        "h5_index": 45,
        "h5_median": 78,
        "number_rank": 18,
        "publication": "American Journal of Perinatology"
      },
      {
        "h5_index": 43,
        "h5_median": 86,
        "number_rank": 19,
        "publication": "American Journal of Obstetrics & Gynecology MFM"
      },
      {
        "h5_index": 43,
        "h5_median": 56,
        "number_rank": 20,
        "publication": "Seminars in Perinatology"
      }
    ]
  }
]