[
  {
    "rankings": [
      {
        "number_rank": 1,
        "publication": "Morbidity and Mortality Weekly Report",
        "h5_index": 193,
        "h5_median": 326
      },
      {
        "number_rank": 2,
        "publication": "Emerging Infectious Diseases",
        "h5_index": 114,
        "h5_median": 219
      },
      {
        "number_rank": 3,
        "publication": "Euro surveillance: European communicable disease bulletin",
        "h5_index": 102,
        "h5_median": 199
      },
      {
        "number_rank": 4,
        "publication": "International Journal of Epidemiology",
        "h5_index": 88,
        "h5_median": 145
      },
      {
        "number_rank": 5,
        "publication": "Journal of Clinical Epidemiology",
        "h5_index": 74,
        "h5_median": 138
      },
      {
        "number_rank": 6,
        "publication": "Journal of Infection and Public Health",
        "h5_index": 73,
        "h5_median": 132
      },
      {
        "number_rank": 7,
        "publication": "Journal of Hospital Infection",
        "h5_index": 73,
        "h5_median": 112
      },
      {
        "number_rank": 8,
        "publication": "European Journal of Epidemiology",
        "h5_index": 69,
        "h5_median": 122
      },
      {
        "number_rank": 9,
        "publication": "Antimicrobial Resistance & Infection Control",
        "h5_index": 67,
        "h5_median": 99
      },
      {
        "number_rank": 10,
        "publication": "SSM-Population Health",
        "h5_index": 64,
        "h5_median": 92
      },
      {
        "number_rank": 11,
        "publication": "International Journal of Hygiene and Environmental Health",
        "h5_index": 62,
        "h5_median": 83
      },
      {
        "number_rank": 12,
        "publication": "Epidemiology & Infection",
        "h5_index": 61,
        "h5_median": 86
      },
      {
        "number_rank": 13,
        "publication": "American Journal of Infection Control",
        "h5_index": 60,
        "h5_median": 118
      },
      {
        "number_rank": 14,
        "publication": "Infection control and hospital epidemiology",
        "h5_index": 60,
        "h5_median": 104
      },
      {
        "number_rank": 15,
        "publication": "American Journal of Epidemiology",
        "h5_index": 60,
        "h5_median": 93
      },
      {
        "number_rank": 16,
        "publication": "Journal of Epidemiology and Community Health",
        "h5_index": 59,
        "h5_median": 96
      },
      {
        "number_rank": 17,
        "publication": "Air Quality, Atmosphere & Health",
        "h5_index": 55,
        "h5_median": 81
      },
      {
        "number_rank": 18,
        "publication": "Journal of Global Antimicrobial Resistance",
        "h5_index": 51,
        "h5_median": 86
      },
      {
        "number_rank": 19,
        "publication": "Environmental Health",
        "h5_index": 51,
        "h5_median": 74
      },
      {
        "number_rank": 20,
        "publication": "Epidemiology",
        "h5_index": 49,
        "h5_median": 72
      }
    ]
  }
]