[
  {
    "rankings": [
      {
        "h5_index": 95,
        "h5_median": 125,
        "number_rank": 1,
        "publication": "European Journal of Nuclear Medicine and Molecular Imaging"
      },
      {
        "h5_index": 89,
        "h5_median": 130,
        "number_rank": 2,
        "publication": "Journal of Nuclear Medicine"
      },
      {
        "h5_index": 84,
        "h5_median": 114,
        "number_rank": 3,
        "publication": "Diagnostics"
      },
      {
        "h5_index": 82,
        "h5_median": 116,
        "number_rank": 4,
        "publication": "Radiotherapy and Oncology"
      },
      {
        "h5_index": 81,
        "h5_median": 119,
        "number_rank": 5,
        "publication": "Medical Physics"
      },
      {
        "h5_index": 78,
        "h5_median": 102,
        "number_rank": 6,
        "publication": "International Journal of Radiation Oncology * Biology * Physics"
      },
      {
        "h5_index": 69,
        "h5_median": 95,
        "number_rank": 7,
        "publication": "Physics in Medicine & Biology"
      },
      {
        "h5_index": 51,
        "h5_median": 81,
        "number_rank": 8,
        "publication": "Radiation Oncology"
      },
      {
        "h5_index": 51,
        "h5_median": 78,
        "number_rank": 9,
        "publication": "Physica Medica"
      },
      {
        "h5_index": 47,
        "h5_median": 73,
        "number_rank": 10,
        "publication": "NMR in biomedicine"
      },
      {
        "h5_index": 42,
        "h5_median": 61,
        "number_rank": 11,
        "publication": "Journal of Nuclear Cardiology"
      },
      {
        "h5_index": 41,
        "h5_median": 56,
        "number_rank": 12,
        "publication": "Cancer imaging"
      },
      {
        "h5_index": 41,
        "h5_median": 49,
        "number_rank": 13,
        "publication": "Journal of Applied Clinical Medical Physics"
      },
      {
        "h5_index": 38,
        "h5_median": 46,
        "number_rank": 14,
        "publication": "International Journal of Radiation Biology"
      },
      {
        "h5_index": 37,
        "h5_median": 66,
        "number_rank": 15,
        "publication": "IEEE Transactions on Radiation and Plasma Medical Sciences"
      },
      {
        "h5_index": 37,
        "h5_median": 62,
        "number_rank": 16,
        "publication": "Seminars in Nuclear Medicine"
      },
      {
        "h5_index": 37,
        "h5_median": 50,
        "number_rank": 17,
        "publication": "Clinical Nuclear Medicine"
      },
      {
        "h5_index": 36,
        "h5_median": 55,
        "number_rank": 18,
        "publication": "Molecular Imaging and Biology"
      },
      {
        "h5_index": 36,
        "h5_median": 54,
        "number_rank": 19,
        "publication": "Clinical Oncology"
      },
      {
        "h5_index": 36,
        "h5_median": 53,
        "number_rank": 20,
        "publication": "Technology in Cancer Research & Treatment"
      }
    ]
  }
]