[
  {
    "rankings": [
      {
        "h5_index": 177,
        "h5_median": 334,
        "number_rank": 1,
        "publication": "The Lancet Infectious Diseases"
      },
      {
        "h5_index": 176,
        "h5_median": 319,
        "number_rank": 2,
        "publication": "Clinical Infectious Diseases"
      },
      {
        "h5_index": 156,
        "h5_median": 319,
        "number_rank": 3,
        "publication": "Journal of Medical Virology"
      },
      {
        "h5_index": 129,
        "h5_median": 256,
        "number_rank": 4,
        "publication": "International Journal of Infectious Diseases"
      },
      {
        "h5_index": 116,
        "h5_median": 189,
        "number_rank": 5,
        "publication": "Clinical Microbiology and Infection"
      },
      {
        "h5_index": 114,
        "h5_median": 219,
        "number_rank": 6,
        "publication": "Emerging Infectious Diseases"
      },
      {
        "h5_index": 108,
        "h5_median": 218,
        "number_rank": 7,
        "publication": "Journal of Infection"
      },
      {
        "h5_index": 107,
        "h5_median": 156,
        "number_rank": 8,
        "publication": "Frontiers in Cellular and Infection Microbiology"
      },
      {
        "h5_index": 102,
        "h5_median": 199,
        "number_rank": 9,
        "publication": "Euro surveillance: European communicable disease bulletin"
      },
      {
        "h5_index": 98,
        "h5_median": 158,
        "number_rank": 10,
        "publication": "The Journal of Infectious Diseases"
      },
      {
        "h5_index": 95,
        "h5_median": 155,
        "number_rank": 11,
        "publication": "Vaccine"
      },
      {
        "h5_index": 94,
        "h5_median": 170,
        "number_rank": 12,
        "publication": "Emerging Microbes & Infections"
      },
      {
        "h5_index": 91,
        "h5_median": 155,
        "number_rank": 13,
        "publication": "Journal of Clinical Microbiology"
      },
      {
        "h5_index": 88,
        "h5_median": 122,
        "number_rank": 14,
        "publication": "BMC Infectious Diseases"
      },
      {
        "h5_index": 80,
        "h5_median": 114,
        "number_rank": 15,
        "publication": "Pathogens"
      },
      {
        "h5_index": 80,
        "h5_median": 113,
        "number_rank": 16,
        "publication": "Antimicrobial Agents and Chemotherapy"
      },
      {
        "h5_index": 79,
        "h5_median": 139,
        "number_rank": 17,
        "publication": "Journal of Clinical Virology"
      },
      {
        "h5_index": 78,
        "h5_median": 113,
        "number_rank": 18,
        "publication": "PLOS Neglected Tropical Diseases"
      },
      {
        "h5_index": 77,
        "h5_median": 144,
        "number_rank": 19,
        "publication": "International Journal of Antimicrobial Agents"
      },
      {
        "h5_index": 75,
        "h5_median": 107,
        "number_rank": 20,
        "publication": "Human Vaccines & Immunotherapeutics"
      }
    ]
  }
]