[
  {
    "rankings": [
      {
        "h5_index": 112,
        "h5_median": 165,
        "number_rank": 1,
        "publication": "Journal of Medicinal Chemistry"
      },
      {
        "h5_index": 102,
        "h5_median": 152,
        "number_rank": 2,
        "publication": "European Journal of Medicinal Chemistry"
      },
      {
        "h5_index": 88,
        "h5_median": 131,
        "number_rank": 3,
        "publication": "Drug Discovery Today"
      },
      {
        "h5_index": 79,
        "h5_median": 121,
        "number_rank": 4,
        "publication": "Medicinal Research Reviews"
      },
      {
        "h5_index": 71,
        "h5_median": 103,
        "number_rank": 5,
        "publication": "Natural Products Reports"
      },
      {
        "h5_index": 69,
        "h5_median": 99,
        "number_rank": 6,
        "publication": "Current Medicinal Chemistry"
      },
      {
        "h5_index": 53,
        "h5_median": 86,
        "number_rank": 7,
        "publication": "Expert Opinion on Drug Discovery"
      },
      {
        "h5_index": 51,
        "h5_median": 73,
        "number_rank": 8,
        "publication": "Journal of Enzyme Inhibition and Medicinal Chemistry"
      },
      {
        "h5_index": 51,
        "h5_median": 64,
        "number_rank": 9,
        "publication": "ACS Medicinal Chemistry Letters"
      },
      {
        "h5_index": 50,
        "h5_median": 73,
        "number_rank": 10,
        "publication": "Bioorganic & Medicinal Chemistry"
      },
      {
        "h5_index": 47,
        "h5_median": 61,
        "number_rank": 11,
        "publication": "Bioorganic & Medicinal Chemistry Letters"
      },
      {
        "h5_index": 44,
        "h5_median": 66,
        "number_rank": 12,
        "publication": "ChemMedChem"
      },
      {
        "h5_index": 44,
        "h5_median": 64,
        "number_rank": 13,
        "publication": "Expert Opinion on Therapeutic Patents"
      },
      {
        "h5_index": 44,
        "h5_median": 63,
        "number_rank": 14,
        "publication": "Future Medicinal Chemistry"
      },
      {
        "h5_index": 43,
        "h5_median": 63,
        "number_rank": 15,
        "publication": "Archiv der Pharmazie"
      },
      {
        "h5_index": 42,
        "h5_median": 60,
        "number_rank": 16,
        "publication": "Mini Reviews in Medicinal Chemistry"
      },
      {
        "h5_index": 41,
        "h5_median": 54,
        "number_rank": 17,
        "publication": "Current Topics in Medicinal Chemistry"
      },
      {
        "h5_index": 41,
        "h5_median": 52,
        "number_rank": 18,
        "publication": "Molecular Diversity"
      },
      {
        "h5_index": 35,
        "h5_median": 56,
        "number_rank": 19,
        "publication": "International Journal of Peptide Research and Therapeutics"
      },
      {
        "h5_index": 35,
        "h5_median": 48,
        "number_rank": 20,
        "publication": "Chemical Biology & Drug Design"
      }
    ]
  }
]