[
  {
    "rankings": [
      {
        "h5_index": 140,
        "h5_median": 208,
        "number_rank": 1,
        "publication": "Journal of Affective Disorders"
      },
      {
        "h5_index": 135,
        "h5_median": 281,
        "number_rank": 2,
        "publication": "Psychiatry Research"
      },
      {
        "h5_index": 131,
        "h5_median": 198,
        "number_rank": 3,
        "publication": "Molecular Psychiatry"
      },
      {
        "h5_index": 130,
        "h5_median": 195,
        "number_rank": 4,
        "publication": "Frontiers in Psychiatry"
      },
      {
        "h5_index": 122,
        "h5_median": 187,
        "number_rank": 5,
        "publication": "JAMA Psychiatry"
      },
      {
        "h5_index": 119,
        "h5_median": 246,
        "number_rank": 6,
        "publication": "The Lancet Psychiatry"
      },
      {
        "h5_index": 98,
        "h5_median": 169,
        "number_rank": 7,
        "publication": "Psychological Medicine"
      },
      {
        "h5_index": 96,
        "h5_median": 146,
        "number_rank": 8,
        "publication": "Biological Psychiatry"
      },
      {
        "h5_index": 92,
        "h5_median": 152,
        "number_rank": 9,
        "publication": "International Journal of Mental Health and Addiction"
      },
      {
        "h5_index": 90,
        "h5_median": 149,
        "number_rank": 10,
        "publication": "Neuropsychopharmacology"
      },
      {
        "h5_index": 90,
        "h5_median": 143,
        "number_rank": 11,
        "publication": "American Journal of Psychiatry"
      },
      {
        "h5_index": 90,
        "h5_median": 141,
        "number_rank": 12,
        "publication": "Translational Psychiatry"
      },
      {
        "h5_index": 90,
        "h5_median": 124,
        "number_rank": 13,
        "publication": "BMC Psychiatry"
      },
      {
        "h5_index": 89,
        "h5_median": 155,
        "number_rank": 14,
        "publication": "Clinical Psychology Review"
      },
      {
        "h5_index": 85,
        "h5_median": 183,
        "number_rank": 15,
        "publication": "World psychiatry"
      },
      {
        "h5_index": 76,
        "h5_median": 127,
        "number_rank": 16,
        "publication": "Journal of Child Psychology and Psychiatry"
      },
      {
        "h5_index": 75,
        "h5_median": 160,
        "number_rank": 17,
        "publication": "Asian Journal of Psychiatry"
      },
      {
        "h5_index": 74,
        "h5_median": 121,
        "number_rank": 18,
        "publication": "Psychological Trauma: Theory, Research, Practice, and Policy"
      },
      {
        "h5_index": 74,
        "h5_median": 118,
        "number_rank": 19,
        "publication": "European Child & Adolescent Psychiatry"
      },
      {
        "h5_index": 73,
        "h5_median": 112,
        "number_rank": 20,
        "publication": "Journal of Psychiatric Research"
      }
    ]
  }
]