[
  {
    "rankings": [
      {
        "number_rank": 1,
        "publication": "Journal of Medical Internet Research",
        "h5_index": 160,
        "h5_median": 241
      },
      {
        "number_rank": 2,
        "publication": "npj Digital Medicine",
        "h5_index": 109,
        "h5_median": 200
      },
      {
        "number_rank": 3,
        "publication": "IEEE Journal of Biomedical and Health Informatics",
        "h5_index": 103,
        "h5_median": 137
      },
      {
        "number_rank": 4,
        "publication": "The Lancet Digital Health",
        "h5_index": 101,
        "h5_median": 166
      },
      {
        "number_rank": 5,
        "publication": "Journal of Medical Internet Research - Mobile Health and Ubiquitous Health",
        "h5_index": 90,
        "h5_median": 128
      },
      {
        "number_rank": 6,
        "publication": "Journal of the American Medical Informatics Association",
        "h5_index": 84,
        "h5_median": 134
      },
      {
        "number_rank": 7,
        "publication": "Artificial Intelligence in Medicine",
        "h5_index": 78,
        "h5_median": 124
      },
      {
        "number_rank": 8,
        "publication": "Journal of Medical Systems",
        "h5_index": 74,
        "h5_median": 127
      },
      {
        "number_rank": 9,
        "publication": "International Journal of Medical Informatics",
        "h5_index": 72,
        "h5_median": 106
      },
      {
        "number_rank": 10,
        "publication": "Journal of Biomedical Informatics",
        "h5_index": 70,
        "h5_median": 112
      },
      {
        "number_rank": 11,
        "publication": "BMC Medical Informatics and Decision Making",
        "h5_index": 70,
        "h5_median": 100
      },
      {
        "number_rank": 12,
        "publication": "Telemedicine and e-Health",
        "h5_index": 62,
        "h5_median": 97
      },
      {
        "number_rank": 13,
        "publication": "JMIR Medical Informatics",
        "h5_index": 52,
        "h5_median": 76
      },
      {
        "number_rank": 14,
        "publication": "Journal of Telemedicine and Telecare",
        "h5_index": 49,
        "h5_median": 72
      },
      {
        "number_rank": 15,
        "publication": "Health Informatics Journal",
        "h5_index": 48,
        "h5_median": 70
      },
      {
        "number_rank": 16,
        "publication": "Digital Health",
        "h5_index": 46,
        "h5_median": 75
      },
      {
        "number_rank": 17,
        "publication": "Health Policy and Technology",
        "h5_index": 42,
        "h5_median": 79
      },
      {
        "number_rank": 18,
        "publication": "JMIR Serious Games",
        "h5_index": 40,
        "h5_median": 52
      },
      {
        "number_rank": 19,
        "publication": "Health and Technology",
        "h5_index": 39,
        "h5_median": 67
      },
      {
        "number_rank": 20,
        "publication": "JMIR Formative Research",
        "h5_index": 36,
        "h5_median": 46
      }
    ]
  }
]