[
  {
    "rankings": [
      {
        "h5_index": 133,
        "h5_median": 191,
        "number_rank": 1,
        "publication": "Environmental Research"
      },
      {
        "h5_index": 113,
        "h5_median": 156,
        "number_rank": 2,
        "publication": "Ecotoxicology and Environmental Safety"
      },
      {
        "h5_index": 86,
        "h5_median": 113,
        "number_rank": 3,
        "publication": "Food and Chemical Toxicology"
      },
      {
        "h5_index": 82,
        "h5_median": 110,
        "number_rank": 4,
        "publication": "Toxins"
      },
      {
        "h5_index": 76,
        "h5_median": 121,
        "number_rank": 5,
        "publication": "Environmental Health Perspectives"
      },
      {
        "h5_index": 63,
        "h5_median": 103,
        "number_rank": 6,
        "publication": "Archives of Toxicology"
      },
      {
        "h5_index": 60,
        "h5_median": 77,
        "number_rank": 7,
        "publication": "Toxicology Reports"
      },
      {
        "h5_index": 59,
        "h5_median": 87,
        "number_rank": 8,
        "publication": "Chemico-Biological Interactions"
      },
      {
        "h5_index": 54,
        "h5_median": 70,
        "number_rank": 9,
        "publication": "Aquatic Toxicology"
      },
      {
        "h5_index": 53,
        "h5_median": 82,
        "number_rank": 10,
        "publication": "Toxics"
      },
      {
        "h5_index": 52,
        "h5_median": 107,
        "number_rank": 11,
        "publication": "Annual Review of Pharmacology and Toxicology"
      },
      {
        "h5_index": 50,
        "h5_median": 72,
        "number_rank": 12,
        "publication": "Chemical Research in Toxicology"
      },
      {
        "h5_index": 50,
        "h5_median": 71,
        "number_rank": 13,
        "publication": "Environmental Toxicology and Pharmacology"
      },
      {
        "h5_index": 50,
        "h5_median": 59,
        "number_rank": 14,
        "publication": "Toxicology and Applied Pharmacology"
      },
      {
        "h5_index": 48,
        "h5_median": 72,
        "number_rank": 15,
        "publication": "Journal of Exposure Science & Environmental Epidemiology"
      },
      {
        "h5_index": 48,
        "h5_median": 60,
        "number_rank": 16,
        "publication": "Toxicology Letters"
      },
      {
        "h5_index": 46,
        "h5_median": 69,
        "number_rank": 17,
        "publication": "Particle and Fibre Toxicology"
      },
      {
        "h5_index": 46,
        "h5_median": 61,
        "number_rank": 18,
        "publication": "Toxicological Sciences"
      },
      {
        "h5_index": 45,
        "h5_median": 70,
        "number_rank": 19,
        "publication": "Regulatory Toxicology and Pharmacology"
      },
      {
        "h5_index": 45,
        "h5_median": 58,
        "number_rank": 20,
        "publication": "Toxicology"
      }
    ]
  }
]