[
  {
    "rankings": [
      {
        "h5_index": 136,
        "h5_median": 324,
        "number_rank": 1,
        "publication": "Nature Reviews Drug Discovery"
      },
      {
        "h5_index": 133,
        "h5_median": 184,
        "number_rank": 2,
        "publication": "Frontiers in Pharmacology"
      },
      {
        "h5_index": 125,
        "h5_median": 172,
        "number_rank": 3,
        "publication": "Journal of controlled release"
      },
      {
        "h5_index": 113,
        "h5_median": 174,
        "number_rank": 4,
        "publication": "Advanced Drug Delivery Reviews"
      },
      {
        "h5_index": 113,
        "h5_median": 149,
        "number_rank": 5,
        "publication": "Pharmacological Research"
      },
      {
        "h5_index": 112,
        "h5_median": 165,
        "number_rank": 6,
        "publication": "Journal of Medicinal Chemistry"
      },
      {
        "h5_index": 111,
        "h5_median": 153,
        "number_rank": 7,
        "publication": "Pharmaceutics"
      },
      {
        "h5_index": 99,
        "h5_median": 139,
        "number_rank": 8,
        "publication": "Pharmacology & Therapeutics"
      },
      {
        "h5_index": 99,
        "h5_median": 138,
        "number_rank": 9,
        "publication": "International Journal of Nanomedicine"
      },
      {
        "h5_index": 99,
        "h5_median": 128,
        "number_rank": 10,
        "publication": "International Journal of Pharmaceutics"
      },
      {
        "h5_index": 96,
        "h5_median": 152,
        "number_rank": 11,
        "publication": "Acta Pharmaceutica Sinica B"
      },
      {
        "h5_index": 94,
        "h5_median": 141,
        "number_rank": 12,
        "publication": "Drugs"
      },
      {
        "h5_index": 90,
        "h5_median": 149,
        "number_rank": 13,
        "publication": "Neuropsychopharmacology"
      },
      {
        "h5_index": 88,
        "h5_median": 140,
        "number_rank": 14,
        "publication": "British Journal of Pharmacology"
      },
      {
        "h5_index": 84,
        "h5_median": 121,
        "number_rank": 15,
        "publication": "Phytotherapy Research"
      },
      {
        "h5_index": 84,
        "h5_median": 101,
        "number_rank": 16,
        "publication": "Journal of Ethnopharmacology"
      },
      {
        "h5_index": 79,
        "h5_median": 121,
        "number_rank": 17,
        "publication": "Medicinal Research Reviews"
      },
      {
        "h5_index": 77,
        "h5_median": 114,
        "number_rank": 18,
        "publication": "Clinical Pharmacology & Therapeutics"
      },
      {
        "h5_index": 77,
        "h5_median": 99,
        "number_rank": 19,
        "publication": "Journal of Drug Delivery Science and Technology"
      },
      {
        "h5_index": 76,
        "h5_median": 109,
        "number_rank": 20,
        "publication": "European Journal of Pharmacology"
      }
    ]
  }
]