[
  {
    "rankings": [
      {
        "h5_index": 186,
        "h5_median": 294,
        "number_rank": 1,
        "publication": "Nature Genetics"
      },
      {
        "h5_index": 126,
        "h5_median": 214,
        "number_rank": 2,
        "publication": "Genome Biology"
      },
      {
        "h5_index": 119,
        "h5_median": 271,
        "number_rank": 3,
        "publication": "Nature Reviews Genetics"
      },
      {
        "h5_index": 106,
        "h5_median": 155,
        "number_rank": 4,
        "publication": "Frontiers in Genetics"
      },
      {
        "h5_index": 96,
        "h5_median": 138,
        "number_rank": 5,
        "publication": "Oncogene"
      },
      {
        "h5_index": 88,
        "h5_median": 123,
        "number_rank": 6,
        "publication": "Genes"
      },
      {
        "h5_index": 88,
        "h5_median": 115,
        "number_rank": 7,
        "publication": "Genetics in Medicine"
      },
      {
        "h5_index": 87,
        "h5_median": 135,
        "number_rank": 8,
        "publication": "The American Journal of Human Genetics"
      },
      {
        "h5_index": 81,
        "h5_median": 122,
        "number_rank": 9,
        "publication": "Genome Medicine"
      },
      {
        "h5_index": 80,
        "h5_median": 114,
        "number_rank": 10,
        "publication": "PLOS Genetics"
      },
      {
        "h5_index": 78,
        "h5_median": 112,
        "number_rank": 11,
        "publication": "Genome Research"
      },
      {
        "h5_index": 75,
        "h5_median": 91,
        "number_rank": 12,
        "publication": "BMC Genomics"
      },
      {
        "h5_index": 69,
        "h5_median": 97,
        "number_rank": 13,
        "publication": "Theoretical and Applied Genetics"
      },
      {
        "h5_index": 68,
        "h5_median": 106,
        "number_rank": 14,
        "publication": "Trends in Genetics"
      },
      {
        "h5_index": 64,
        "h5_median": 87,
        "number_rank": 15,
        "publication": "European Journal of Human Genetics"
      },
      {
        "h5_index": 63,
        "h5_median": 87,
        "number_rank": 16,
        "publication": "Clinical Epigenetics"
      },
      {
        "h5_index": 62,
        "h5_median": 75,
        "number_rank": 17,
        "publication": "Gene"
      },
      {
        "h5_index": 61,
        "h5_median": 87,
        "number_rank": 18,
        "publication": "Human Molecular Genetics"
      },
      {
        "h5_index": 57,
        "h5_median": 78,
        "number_rank": 19,
        "publication": "Genomics"
      },
      {
        "h5_index": 56,
        "h5_median": 91,
        "number_rank": 20,
        "publication": "Genetics"
      }
    ]
  }
]