[
  {
    "rankings": [
      {
        "h5_index": 97,
        "h5_median": 149,
        "number_rank": 1,
        "publication": "Alzheimer's & Dementia"
      },
      {
        "h5_index": 95,
        "h5_median": 126,
        "number_rank": 2,
        "publication": "Aging"
      },
      {
        "h5_index": 94,
        "h5_median": 142,
        "number_rank": 3,
        "publication": "Ageing Research Reviews"
      },
      {
        "h5_index": 86,
        "h5_median": 125,
        "number_rank": 4,
        "publication": "Journal of the American Geriatrics Society"
      },
      {
        "h5_index": 84,
        "h5_median": 118,
        "number_rank": 5,
        "publication": "Movement Disorders"
      },
      {
        "h5_index": 82,
        "h5_median": 119,
        "number_rank": 6,
        "publication": "Aging Cell"
      },
      {
        "h5_index": 82,
        "h5_median": 111,
        "number_rank": 7,
        "publication": "BMC Geriatrics"
      },
      {
        "h5_index": 81,
        "h5_median": 119,
        "number_rank": 8,
        "publication": "Frontiers in Aging Neuroscience"
      },
      {
        "h5_index": 78,
        "h5_median": 112,
        "number_rank": 9,
        "publication": "Gerontologist"
      },
      {
        "h5_index": 77,
        "h5_median": 103,
        "number_rank": 10,
        "publication": "Journal of Alzheimer's Disease"
      },
      {
        "h5_index": 76,
        "h5_median": 103,
        "number_rank": 11,
        "publication": "The Journals of Gerontology: Series A"
      },
      {
        "h5_index": 71,
        "h5_median": 132,
        "number_rank": 12,
        "publication": "Molecular Neurodegeneration"
      },
      {
        "h5_index": 70,
        "h5_median": 119,
        "number_rank": 13,
        "publication": "Age and Ageing"
      },
      {
        "h5_index": 70,
        "h5_median": 107,
        "number_rank": 14,
        "publication": "Alzheimer's Research & Therapy"
      },
      {
        "h5_index": 70,
        "h5_median": 105,
        "number_rank": 15,
        "publication": "The Journals of Gerontology: Series B"
      },
      {
        "h5_index": 66,
        "h5_median": 100,
        "number_rank": 16,
        "publication": "Aging Clinical and Experimental Research"
      },
      {
        "h5_index": 61,
        "h5_median": 80,
        "number_rank": 17,
        "publication": "Aging & Mental Health"
      },
      {
        "h5_index": 58,
        "h5_median": 81,
        "number_rank": 18,
        "publication": "Aging & Disease"
      },
      {
        "h5_index": 57,
        "h5_median": 111,
        "number_rank": 19,
        "publication": "The American Journal of Geriatric Psychiatry"
      },
      {
        "h5_index": 57,
        "h5_median": 81,
        "number_rank": 20,
        "publication": "Neurobiology of Aging"
      }
    ]
  }
]