[
  {
    "rankings": [
      {
        "h5_index": 74,
        "h5_median": 138,
        "number_rank": 1,
        "publication": "The American Journal of Emergency Medicine"
      },
      {
        "h5_index": 71,
        "h5_median": 122,
        "number_rank": 2,
        "publication": "Resuscitation"
      },
      {
        "h5_index": 56,
        "h5_median": 79,
        "number_rank": 3,
        "publication": "Annals of Emergency Medicine"
      },
      {
        "h5_index": 53,
        "h5_median": 76,
        "number_rank": 4,
        "publication": "Disaster Medicine and Public Health Preparedness"
      },
      {
        "h5_index": 53,
        "h5_median": 73,
        "number_rank": 5,
        "publication": "Journal of Trauma and Acute Care Surgery"
      },
      {
        "h5_index": 51,
        "h5_median": 83,
        "number_rank": 6,
        "publication": "Internal and Emergency Medicine"
      },
      {
        "h5_index": 50,
        "h5_median": 90,
        "number_rank": 7,
        "publication": "World Journal of Emergency Surgery"
      },
      {
        "h5_index": 49,
        "h5_median": 69,
        "number_rank": 8,
        "publication": "Western Journal of Emergency Medicine"
      },
      {
        "h5_index": 47,
        "h5_median": 70,
        "number_rank": 9,
        "publication": "Academic Emergency Medicine"
      },
      {
        "h5_index": 42,
        "h5_median": 61,
        "number_rank": 10,
        "publication": "Journal of Intensive Care"
      },
      {
        "h5_index": 42,
        "h5_median": 53,
        "number_rank": 11,
        "publication": "Emergency Medicine Journal"
      },
      {
        "h5_index": 42,
        "h5_median": 52,
        "number_rank": 12,
        "publication": "European Journal of Trauma and Emergency Surgery"
      },
      {
        "h5_index": 41,
        "h5_median": 61,
        "number_rank": 13,
        "publication": "Clinical Toxicology"
      },
      {
        "h5_index": 40,
        "h5_median": 54,
        "number_rank": 14,
        "publication": "Scandinavian Journal of Trauma, Resuscitation and Emergency Medicine"
      },
      {
        "h5_index": 38,
        "h5_median": 49,
        "number_rank": 15,
        "publication": "Current Opinion in Critical Care"
      },
      {
        "h5_index": 37,
        "h5_median": 52,
        "number_rank": 16,
        "publication": "The Journal of Emergency Medicine"
      },
      {
        "h5_index": 37,
        "h5_median": 49,
        "number_rank": 17,
        "publication": "Indian Journal of Critical Care Medicine"
      },
      {
        "h5_index": 36,
        "h5_median": 52,
        "number_rank": 18,
        "publication": "Journal of Emergency Nursing"
      },
      {
        "h5_index": 36,
        "h5_median": 51,
        "number_rank": 19,
        "publication": "BMC Emergency Medicine"
      },
      {
        "h5_index": 35,
        "h5_median": 64,
        "number_rank": 20,
        "publication": "Critical Care Clinics"
      }
    ]
  }
]