[
  {
    "rankings": [
      {
        "number_rank": 1,
        "publication": "Biomaterials",
        "h5_index": 137,
        "h5_median": 185
      },
      {
        "number_rank": 2,
        "publication": "Acta Biomaterialia",
        "h5_index": 125,
        "h5_median": 169
      },
      {
        "number_rank": 3,
        "publication": "Bioactive Materials",
        "h5_index": 109,
        "h5_median": 158
      },
      {
        "number_rank": 4,
        "publication": "ACS Biomaterials Science & Engineering",
        "h5_index": 75,
        "h5_median": 93
      },
      {
        "number_rank": 5,
        "publication": "IEEE Transactions on Biomedical Engineering",
        "h5_index": 72,
        "h5_median": 98
      },
      {
        "number_rank": 6,
        "publication": "Biofabrication",
        "h5_index": 66,
        "h5_median": 96
      },
      {
        "number_rank": 7,
        "publication": "Journal of the Mechanical Behavior of Biomedical Materials",
        "h5_index": 64,
        "h5_median": 83
      },
      {
        "number_rank": 8,
        "publication": "Journal of Neural Engineering",
        "h5_index": 60,
        "h5_median": 88
      },
      {
        "number_rank": 9,
        "publication": "Biocybernetics and Biomedical Engineering",
        "h5_index": 57,
        "h5_median": 87
      },
      {
        "number_rank": 10,
        "publication": "Journal of Biomedical Materials Research Part A",
        "h5_index": 57,
        "h5_median": 72
      },
      {
        "number_rank": 11,
        "publication": "IEEE Transactions on Biomedical Circuits and Systems",
        "h5_index": 53,
        "h5_median": 83
      },
      {
        "number_rank": 12,
        "publication": "Materials Today Bio",
        "h5_index": 53,
        "h5_median": 78
      },
      {
        "number_rank": 13,
        "publication": "Annals of Biomedical Engineering",
        "h5_index": 51,
        "h5_median": 76
      },
      {
        "number_rank": 14,
        "publication": "Medical & Biological Engineering & Computing",
        "h5_index": 51,
        "h5_median": 75
      },
      {
        "number_rank": 15,
        "publication": "International Conference of the IEEE Engineering in Medicine and Biology Society, EMBC",
        "h5_index": 48,
        "h5_median": 64
      },
      {
        "number_rank": 16,
        "publication": "Journal of Biomedical Materials Research Part B: Applied Biomaterials",
        "h5_index": 48,
        "h5_median": 61
      },
      {
        "number_rank": 17,
        "publication": "Journal of Functional Biomaterials",
        "h5_index": 46,
        "h5_median": 63
      },
      {
        "number_rank": 18,
        "publication": "IEEE Reviews in Biomedical Engineering",
        "h5_index": 45,
        "h5_median": 81
      },
      {
        "number_rank": 19,
        "publication": "Tissue Engineering Part B: Reviews",
        "h5_index": 43,
        "h5_median": 73
      },
      {
        "number_rank": 20,
        "publication": "Journal of Tissue Engineering and Regenerative Medicine",
        "h5_index": 43,
        "h5_median": 62
      }
    ]
  }
]