[
  {
    "rankings": [
      {
        "h5_index": 155,
        "h5_median": 299,
        "number_rank": 1,
        "publication": "The Lancet Respiratory Medicine"
      },
      {
        "h5_index": 144,
        "h5_median": 248,
        "number_rank": 2,
        "publication": "European Respiratory Journal"
      },
      {
        "h5_index": 132,
        "h5_median": 219,
        "number_rank": 3,
        "publication": "American Journal of Respiratory and Critical Care Medicine"
      },
      {
        "h5_index": 106,
        "h5_median": 167,
        "number_rank": 4,
        "publication": "Journal of Thoracic Oncology"
      },
      {
        "h5_index": 103,
        "h5_median": 165,
        "number_rank": 5,
        "publication": "Chest"
      },
      {
        "h5_index": 73,
        "h5_median": 123,
        "number_rank": 6,
        "publication": "Thorax"
      },
      {
        "h5_index": 71,
        "h5_median": 110,
        "number_rank": 7,
        "publication": "Respiratory Research"
      },
      {
        "h5_index": 66,
        "h5_median": 100,
        "number_rank": 8,
        "publication": "Annals of the American Thoracic Society"
      },
      {
        "h5_index": 65,
        "h5_median": 95,
        "number_rank": 9,
        "publication": "Lung Cancer"
      },
      {
        "h5_index": 62,
        "h5_median": 92,
        "number_rank": 10,
        "publication": "European Respiratory Review"
      },
      {
        "h5_index": 59,
        "h5_median": 84,
        "number_rank": 11,
        "publication": "Respiratory Medicine"
      },
      {
        "h5_index": 58,
        "h5_median": 83,
        "number_rank": 12,
        "publication": "Journal of Thoracic Disease"
      },
      {
        "h5_index": 53,
        "h5_median": 68,
        "number_rank": 13,
        "publication": "American Journal of Respiratory Cell and Molecular Biology"
      },
      {
        "h5_index": 53,
        "h5_median": 65,
        "number_rank": 14,
        "publication": "Journal of Cystic Fibrosis"
      },
      {
        "h5_index": 52,
        "h5_median": 78,
        "number_rank": 15,
        "publication": "Pediatric Pulmonology"
      },
      {
        "h5_index": 51,
        "h5_median": 81,
        "number_rank": 16,
        "publication": "BMC Pulmonary Medicine"
      },
      {
        "h5_index": 51,
        "h5_median": 74,
        "number_rank": 17,
        "publication": "Respirology"
      },
      {
        "h5_index": 49,
        "h5_median": 71,
        "number_rank": 18,
        "publication": "ERJ Open Research"
      },
      {
        "h5_index": 49,
        "h5_median": 69,
        "number_rank": 19,
        "publication": "Translational Lung Cancer Research"
      },
      {
        "h5_index": 46,
        "h5_median": 62,
        "number_rank": 20,
        "publication": "Thoracic Cancer"
      }
    ]
  }
]