[
  {
    "rankings": [
      {
        "h5_index": 123,
        "h5_median": 178,
        "number_rank": 1,
        "publication": "Frontiers in Endocrinology"
      },
      {
        "h5_index": 107,
        "h5_median": 219,
        "number_rank": 2,
        "publication": "Nature Reviews Endocrinology"
      },
      {
        "h5_index": 99,
        "h5_median": 130,
        "number_rank": 3,
        "publication": "The Journal of Clinical Endocrinology & Metabolism"
      },
      {
        "h5_index": 85,
        "h5_median": 161,
        "number_rank": 4,
        "publication": "Endocrine Reviews"
      },
      {
        "h5_index": 66,
        "h5_median": 94,
        "number_rank": 5,
        "publication": "Trends in Endocrinology & Metabolism"
      },
      {
        "h5_index": 66,
        "h5_median": 92,
        "number_rank": 6,
        "publication": "Thyroid"
      },
      {
        "h5_index": 65,
        "h5_median": 91,
        "number_rank": 7,
        "publication": "Journal of Bone and Mineral Research"
      },
      {
        "h5_index": 65,
        "h5_median": 87,
        "number_rank": 8,
        "publication": "Psychoneuroendocrinology"
      },
      {
        "h5_index": 61,
        "h5_median": 91,
        "number_rank": 9,
        "publication": "European Journal of Endocrinology"
      },
      {
        "h5_index": 60,
        "h5_median": 85,
        "number_rank": 10,
        "publication": "Osteoporosis International"
      },
      {
        "h5_index": 58,
        "h5_median": 83,
        "number_rank": 11,
        "publication": "Journal of Pineal Research"
      },
      {
        "h5_index": 57,
        "h5_median": 100,
        "number_rank": 12,
        "publication": "Journal of Endocrinological Investigation"
      },
      {
        "h5_index": 57,
        "h5_median": 89,
        "number_rank": 13,
        "publication": "Maturitas"
      },
      {
        "h5_index": 55,
        "h5_median": 70,
        "number_rank": 14,
        "publication": "Endocrine"
      },
      {
        "h5_index": 54,
        "h5_median": 80,
        "number_rank": 15,
        "publication": "Endocrinology"
      },
      {
        "h5_index": 53,
        "h5_median": 69,
        "number_rank": 16,
        "publication": "Molecular and Cellular Endocrinology"
      },
      {
        "h5_index": 52,
        "h5_median": 76,
        "number_rank": 17,
        "publication": "The Journal of Steroid Biochemistry and Molecular Biology"
      },
      {
        "h5_index": 51,
        "h5_median": 85,
        "number_rank": 18,
        "publication": "Reviews in Endocrine and Metabolic Disorders"
      },
      {
        "h5_index": 50,
        "h5_median": 84,
        "number_rank": 19,
        "publication": "Bone Research"
      },
      {
        "h5_index": 49,
        "h5_median": 70,
        "number_rank": 20,
        "publication": "Journal of the Endocrine Society"
      }
    ]
  }
]