[
  {
    "rankings": [
      {
        "h5_index": 151,
        "h5_median": 225,
        "number_rank": 1,
        "publication": "Blood"
      },
      {
        "h5_index": 136,
        "h5_median": 215,
        "number_rank": 2,
        "publication": "Journal of Hematology & Oncology"
      },
      {
        "h5_index": 94,
        "h5_median": 130,
        "number_rank": 3,
        "publication": "Blood Advances"
      },
      {
        "h5_index": 92,
        "h5_median": 146,
        "number_rank": 4,
        "publication": "Leukemia"
      },
      {
        "h5_index": 87,
        "h5_median": 141,
        "number_rank": 5,
        "publication": "Journal of Thrombosis and Haemostasis"
      },
      {
        "h5_index": 84,
        "h5_median": 131,
        "number_rank": 6,
        "publication": "The Lancet Haematology"
      },
      {
        "h5_index": 83,
        "h5_median": 109,
        "number_rank": 7,
        "publication": "Haematologica"
      },
      {
        "h5_index": 80,
        "h5_median": 126,
        "number_rank": 8,
        "publication": "American Journal of Hematology"
      },
      {
        "h5_index": 76,
        "h5_median": 103,
        "number_rank": 9,
        "publication": "British Journal of Haematology"
      },
      {
        "h5_index": 61,
        "h5_median": 107,
        "number_rank": 10,
        "publication": "Thrombosis Research"
      },
      {
        "h5_index": 61,
        "h5_median": 96,
        "number_rank": 11,
        "publication": "Blood Cancer Journal"
      },
      {
        "h5_index": 57,
        "h5_median": 86,
        "number_rank": 12,
        "publication": "Thrombosis and Haemostasis"
      },
      {
        "h5_index": 56,
        "h5_median": 76,
        "number_rank": 13,
        "publication": "Biology of Blood and Marrow Transplantation"
      },
      {
        "h5_index": 52,
        "h5_median": 93,
        "number_rank": 14,
        "publication": "Bone Marrow Transplantation"
      },
      {
        "h5_index": 52,
        "h5_median": 89,
        "number_rank": 15,
        "publication": "Blood Reviews"
      },
      {
        "h5_index": 52,
        "h5_median": 88,
        "number_rank": 16,
        "publication": "Journal of Thrombosis and Thrombolysis"
      },
      {
        "h5_index": 52,
        "h5_median": 67,
        "number_rank": 17,
        "publication": "Transfusion"
      },
      {
        "h5_index": 45,
        "h5_median": 77,
        "number_rank": 18,
        "publication": "Annals of Hematology"
      },
      {
        "h5_index": 44,
        "h5_median": 66,
        "number_rank": 19,
        "publication": "Seminars in Thrombosis and Hemostasis"
      },
      {
        "h5_index": 43,
        "h5_median": 59,
        "number_rank": 20,
        "publication": "Research and Practice in Thrombosis and Haemostasis"
      }
    ]
  }
]